Compound,Date,Negative,Neutral,Positive,Tweet Text,Tweets Ago,User
-0.0813,Fri Jun 08 14:30:16 +0000 2018,0.11,0.794,0.096,"President Trump says he doesn't disagree with his lawyer Rudy Giuliani, who argued earlier this week that being a p‚Ä¶ https://t.co/uWjWms2k7I",0,CNN
0.0,Fri Jun 08 14:20:11 +0000 2018,0.0,1.0,0.0,Former NBA star Dennis Rodman is traveling to Singapore for the upcoming summit between President Trump and North K‚Ä¶ https://t.co/UCfzv8mOiW,1,CNN
-0.3597,Fri Jun 08 14:10:04 +0000 2018,0.146,0.773,0.082,"Venezuela ranks as the most dangerous country in the world for the second straight year, according to a new Gallup‚Ä¶ https://t.co/LX4kppC8JN",2,CNN
0.0,Fri Jun 08 14:00:06 +0000 2018,0.0,1.0,0.0,"Anthony Bourdain, the chef and gifted storyteller who took TV viewers around the world to explore culture, cuisine‚Ä¶ https://t.co/b20bVyUpe8",3,CNN
0.0516,Fri Jun 08 13:50:09 +0000 2018,0.0,0.938,0.062,"The ""gig economy"" of freelancers and short-term workers comprises a big chunk of America's labor force, but it may‚Ä¶ https://t.co/tFAeyx2adL",4,CNN
0.5994,Fri Jun 08 13:40:07 +0000 2018,0.0,0.803,0.197,"""It concerns me that so many voices within the Democratic Party are going so far to the left,"" outgoing Starbucks e‚Ä¶ https://t.co/THnVYmaLnV",5,CNN
-0.7351,Fri Jun 08 13:30:06 +0000 2018,0.267,0.733,0.0,Federal investigators say in a preliminary report about a fatal Tesla crash in California that the driver did not h‚Ä¶ https://t.co/w4ahASIx7e,6,CNN
0.0,Fri Jun 08 13:20:05 +0000 2018,0.0,1.0,0.0,President Trump says he wants to meet with NFL players and athletes who kneel during the National Anthem so they ca‚Ä¶ https://t.co/JKnSbogwH4,7,CNN
-0.5267,Fri Jun 08 13:12:07 +0000 2018,0.145,0.855,0.0,A 25-year-old South Korean hiker is recovering in a hospital after being trapped for six days at the bottom of an A‚Ä¶ https://t.co/MKojPebekq,8,CNN
-0.8225,Fri Jun 08 13:04:02 +0000 2018,0.336,0.664,0.0,A longtime US Senate staffer was arrested on charges of lying to federal agents as part of an investigation related‚Ä¶ https://t.co/Q2FTJXcLat,9,CNN
0.0516,Fri Jun 08 12:59:08 +0000 2018,0.0,0.938,0.062,"Stormy Daniels' attorney Michael Avenatti says he owes ""an apology to the pig for associating Giuliani with a pig""‚Ä¶ https://t.co/S7RgJSxGob",10,CNN
0.0,Fri Jun 08 12:57:07 +0000 2018,0.0,1.0,0.0,Time cover gets Trump just right | By Michael D'Antonio via @CNNOpinion https://t.co/F6ob6HLa0I https://t.co/xTvgqFqsSE,11,CNN
-0.4767,Fri Jun 08 12:55:43 +0000 2018,0.134,0.866,0.0,President Trump says Russia should be reinstated to the G7 summit. Russia was suspended from the group in 2014 afte‚Ä¶ https://t.co/BHRpXIjx7E,12,CNN
0.5719,Fri Jun 08 12:54:50 +0000 2018,0.0,0.821,0.179,A new television ad showing a gubernatorial candidate kissing his husband is the first political spot in US history‚Ä¶ https://t.co/k2i1btEnZW,13,CNN
0.0,Fri Jun 08 12:52:04 +0000 2018,0.0,1.0,0.0,"FX renews ""Atlanta"" for Season 3 https://t.co/4JZrFPGGkP https://t.co/ziLglGnMKn",14,CNN
0.4019,Fri Jun 08 12:50:09 +0000 2018,0.0,0.87,0.13,"JUST IN: President Trump says he is considering posthumously pardoning boxer Muhammad Ali, who was convicted in the‚Ä¶ https://t.co/S5oSMmE0xN",15,CNN
-0.296,Fri Jun 08 12:45:00 +0000 2018,0.217,0.664,0.119,"Krill are critical to the fight against climate change: These tiny creatures help capture carbon dioxide, offsettin‚Ä¶ https://t.co/SSrBAqTIkP",16,CNN
-0.7351,Fri Jun 08 12:43:06 +0000 2018,0.279,0.721,0.0,"In a preliminary report about a fatal Tesla crash in California, federal investigators said that the driver did not‚Ä¶ https://t.co/aEd54IwQ9x",17,CNN
-0.5994,Fri Jun 08 12:38:42 +0000 2018,0.242,0.659,0.099,"If you or someone you know might be at risk of suicide, here are ways to help: https://t.co/IdA7Mn7fkP

Call 1-800-‚Ä¶ https://t.co/PbHNs5rJRL",18,CNN
0.1779,Fri Jun 08 12:37:04 +0000 2018,0.124,0.723,0.153,The Washington Capitals defeated the Vegas Golden Knights 4-3 on Thursday night to win their first ever Stanley Cup https://t.co/9LH7ukOUEX,19,CNN
0.0,Fri Jun 08 12:31:06 +0000 2018,0.0,1.0,0.0,"For almost two-and-a-half hours, Democratic members of Congress implored a federal judge to give them more ability‚Ä¶ https://t.co/M8BeDE5L4g",20,CNN
0.0,Fri Jun 08 12:26:05 +0000 2018,0.0,1.0,0.0,"In the Maldives, a resort offers endangered sea turtles a new life #WorldOceansDay https://t.co/hxTiEN7vyv https://t.co/2lRUjwlejD",21,CNN
0.0,Fri Jun 08 12:21:08 +0000 2018,0.0,1.0,0.0,The office of Arizona Republican Rep. Martha McSally has removed from public view a video on YouTube of her defendi‚Ä¶ https://t.co/vHz5zfwcfH,22,CNN
0.0,Fri Jun 08 12:20:10 +0000 2018,0.0,1.0,0.0,KFC says it will break with its meat-loving tradition and begin testing a vegetarian alternative to chicken later t‚Ä¶ https://t.co/ZhwZAm2jXB,23,CNN
0.765,Fri Jun 08 12:16:05 +0000 2018,0.145,0.526,0.329,The race to save the Great Barrier Reef? A coral fertility treatment designed to help damaged parts of the reef is‚Ä¶ https://t.co/W1aCVYZJdY,24,CNN
-0.4767,Fri Jun 08 12:15:05 +0000 2018,0.162,0.838,0.0,President Trump says he looks forward to 'straightening out unfair trade deals' at the G7 summit‚Ä¶ https://t.co/fDgq4mnpgh,25,CNN
0.0,Fri Jun 08 12:12:03 +0000 2018,0.0,1.0,0.0,"The Trump administration has announced a new, multimillion dollar public awareness advertisement campaign aimed at‚Ä¶ https://t.co/WJWYhMoKpa",26,CNN
0.0,Fri Jun 08 12:06:04 +0000 2018,0.0,1.0,0.0,Republican patience is waning when it comes to Environmental Protection Agency Administrator Scott Pruitt‚Ä¶ https://t.co/JWErKCIMgv,27,CNN
-0.5859,Fri Jun 08 11:58:07 +0000 2018,0.211,0.789,0.0,"Police are investigating the London Fire Brigade's ""stay put"" advice during the Grenfell Tower fire last year, in w‚Ä¶ https://t.co/LliEEOilSa",28,CNN
0.0,Fri Jun 08 11:52:03 +0000 2018,0.0,1.0,0.0,A group of Republicans went to the White House to meet with President Trump ahead of the G7 summit. Many of them co‚Ä¶ https://t.co/w1u4uPGvir,29,CNN
0.7579,Fri Jun 08 11:48:08 +0000 2018,0.0,0.683,0.317,The Justice Department has opened an investigation into a former Senate Intelligence Committee staffer who allegedl‚Ä¶ https://t.co/xxqwqms09h,30,CNN
0.0,Fri Jun 08 11:44:05 +0000 2018,0.0,1.0,0.0,"China must beware of the Trump-Kim summit's unintended consequences, analysts say https://t.co/UEwRPAJKCc",31,CNN
-0.1779,Fri Jun 08 11:43:45 +0000 2018,0.194,0.647,0.159,"RT @CNNPR: CNN statement regarding the death of our friend and colleague, Anthony Bourdain: https://t.co/MR1S5fP16o",32,CNN
0.34,Fri Jun 08 11:37:05 +0000 2018,0.0,0.876,0.124,Environmental Protection Agency administrator Scott Pruitt has called on his security detail to assist him with err‚Ä¶ https://t.co/71qUhX2GDp,33,CNN
0.4939,Fri Jun 08 11:31:07 +0000 2018,0.0,0.849,0.151,"In honor of the 70th anniversary of Porsche's first car, here are stories behind the brand's best-loved designs‚Ä¶ https://t.co/85nuSmDTlO",34,CNN
0.0,Fri Jun 08 11:25:06 +0000 2018,0.0,1.0,0.0,"From Paris to Hong Kong, and Quito to Mal√©, on June 8, students around the world are celebrating‚Ä¶ https://t.co/iqPclT49QE",35,CNN
-0.6486,Fri Jun 08 11:21:44 +0000 2018,0.202,0.798,0.0,"BREAKING: Anthony Bourdain of CNN‚Äôs ‚ÄúParts Unknown‚Äù is dead. The chef, storyteller and Emmy-winning host has commit‚Ä¶ https://t.co/E1mmUnXTRS",36,CNN
0.0,Fri Jun 08 11:16:03 +0000 2018,0.0,1.0,0.0,"At least two members of US Congress are looking into Google's ties to Huawei, a massive Chinese tech firm that is u‚Ä¶ https://t.co/FFMYqR9asr",37,CNN
0.34,Fri Jun 08 11:14:03 +0000 2018,0.0,0.897,0.103,EPA administrator Scott Pruitt has called on his security detail to drive him around so he could look for a type of‚Ä¶ https://t.co/SfDvBEp2pF,38,CNN
0.4404,Fri Jun 08 11:12:07 +0000 2018,0.0,0.854,0.146,UK Foreign Secretary Boris Johnson appeared to suggest Donald Trump would handle Brexit negotiations better than Pr‚Ä¶ https://t.co/LZ2phTgoWN,39,CNN
0.0,Fri Jun 08 11:12:00 +0000 2018,0.0,1.0,0.0,You may think of the Antarctic as pristine wilderness. Nope: It's already showing the effects of human activity tho‚Ä¶ https://t.co/VNR54yn7Pf,40,CNN
0.1779,Fri Jun 08 11:07:05 +0000 2018,0.124,0.723,0.153,The Washington Capitals defeated the Vegas Golden Knights 4-3 on Thursday night to win their first ever Stanley Cup‚Ä¶ https://t.co/lnYYkzYxSc,41,CNN
0.0,Fri Jun 08 11:04:04 +0000 2018,0.0,1.0,0.0,Former Trump campaign manager Corey Lewandowski defended White House press secretary Sarah Sanders' answer to a que‚Ä¶ https://t.co/A5zrHlXwO3,42,CNN
0.5994,Fri Jun 08 11:01:06 +0000 2018,0.0,0.803,0.197,"""It concerns me that so many voices within the Democratic Party are going so far to the left,"" outgoing Starbucks e‚Ä¶ https://t.co/1KljZWFiWG",43,CNN
-0.34,Fri Jun 08 10:59:05 +0000 2018,0.211,0.789,0.0,"Could ""The Staircase"" become your next true-crime obsession? https://t.co/Jh4ipZKF2P https://t.co/REjYYNVBN5",44,CNN
0.0258,Fri Jun 08 10:52:05 +0000 2018,0.0,0.942,0.058,Organic matter has been found on Mars in soil samples the Curiosity rover took from 3 billion-year-old mudstone in‚Ä¶ https://t.co/aNhfZrjKJw,45,CNN
0.4215,Fri Jun 08 10:50:03 +0000 2018,0.0,0.872,0.128,"President Trump says the Coast Guard rescued people who ""went out in their boats to watch"" Hurricane Harvey. Local‚Ä¶ https://t.co/y1RN6fJsTS",46,CNN
0.0,Fri Jun 08 10:46:02 +0000 2018,0.0,1.0,0.0,"A man who was punched and forcefully taken to the ground by several Arizona police officers says he wants them to ""‚Ä¶ https://t.co/6kWqIuIoeE",47,CNN
0.0516,Fri Jun 08 10:41:06 +0000 2018,0.0,0.938,0.062,"Stormy Daniels' attorney Michael Avenatti says he owes ""an apology to the pig for associating Giuliani with a pig""‚Ä¶ https://t.co/NKwiqV6wdW",48,CNN
-0.0516,Fri Jun 08 10:40:07 +0000 2018,0.059,0.941,0.0,President Trump is planning to leave the G7 summit during the climate portion after a spat with French President Em‚Ä¶ https://t.co/6lgmpZ90ZU,49,CNN
0.4019,Fri Jun 08 10:36:05 +0000 2018,0.0,0.856,0.144,The International Monetary Fund is stepping in to help Argentina with a $50 billion line of credit‚Ä¶ https://t.co/ZuuyTxqgah,50,CNN
0.0516,Fri Jun 08 10:31:05 +0000 2018,0.0,0.938,0.062,"The ""gig economy"" of freelancers and short-term workers comprises a big chunk of America's labor force, but it may‚Ä¶ https://t.co/V8MTMKVDGY",51,CNN
0.0,Fri Jun 08 10:30:08 +0000 2018,0.0,1.0,0.0,"The Kilauea volcano has spewed enough lava to fill 45,400 Olympic-sized swimming pools, cover Manhattan 6.5 feet de‚Ä¶ https://t.co/FpspFNBDNW",52,CNN
0.0,Fri Jun 08 10:26:06 +0000 2018,0.0,1.0,0.0,"Legalized recreational marijuana could soon be a reality in Canada, and a new report estimates that it could spark‚Ä¶ https://t.co/bwuyNIWb86",53,CNN
0.4939,Fri Jun 08 10:20:04 +0000 2018,0.0,0.842,0.158,"The Trump administration's highly unusual deal to save ZTE, a giant Chinese tech company, is drawing deep skepticis‚Ä¶ https://t.co/ygRzcMcuSo",54,CNN
0.5719,Fri Jun 08 10:16:05 +0000 2018,0.0,0.773,0.227,"The Trump administration won't defend central provisions of the Affordable Care Act, saying in a legal filing that‚Ä¶ https://t.co/gAfKSREimu",55,CNN
0.0,Fri Jun 08 10:11:03 +0000 2018,0.0,1.0,0.0,"Imagine you're the leader of a major world power.

How do you deal with US President Donald Trump? https://t.co/gXvo8knNFn",56,CNN
-0.4404,Fri Jun 08 10:05:08 +0000 2018,0.244,0.756,0.0,Google says its won't use AI for weapons https://t.co/2XCFiyG5rG https://t.co/p4enbnAUNL,57,CNN
0.0,Fri Jun 08 09:59:05 +0000 2018,0.0,1.0,0.0,"For #WorldOceansDay2018, June 8, all 212 schools in the Maldives have joined CNN's #zeroplasticlunch campaign.

But‚Ä¶ https://t.co/HxxviN9o6M",58,CNN
0.3818,Fri Jun 08 09:55:06 +0000 2018,0.0,0.88,0.12,Bernie Sanders says President Trump has not lived up to the promises he made during the 2016 presidential campaign‚Ä¶ https://t.co/nZOG6uz55d,59,CNN
-0.2732,Fri Jun 08 09:51:02 +0000 2018,0.104,0.896,0.0,"Researchers are looking into the possibility of using blood tests to predict a woman's risk of premature birth, whi‚Ä¶ https://t.co/aHMwttC6bt",60,CNN
0.5267,Fri Jun 08 09:45:05 +0000 2018,0.175,0.556,0.27,A coral fertility treatment designed to help heal damaged parts of Australia's Great Barrier Reef is showing signs‚Ä¶ https://t.co/7rA5gQZyj7,61,CNN
0.0,Fri Jun 08 09:39:05 +0000 2018,0.0,1.0,0.0,This is the poem a kindergarten teacher hung up so her students know what to do in a school shooting‚Ä¶ https://t.co/RshCO6zTVs,62,CNN
0.0,Fri Jun 08 09:38:00 +0000 2018,0.0,1.0,0.0,"Non-biodegradable chemicals called PFAS have been found in snow all over the world -- even here in the Antarctic, w‚Ä¶ https://t.co/KFeC1VSweu",63,CNN
0.4215,Fri Jun 08 09:34:06 +0000 2018,0.0,0.797,0.203,A baby rescued from volcano rubble has been reunited with family https://t.co/qGyBM2DjcA https://t.co/tIEhwXafjl,64,CNN
0.0,Fri Jun 08 09:25:11 +0000 2018,0.0,1.0,0.0,The world's highest glass bridge will soon be home to the world's highest bungee jump https://t.co/OZfsnlVeov via‚Ä¶ https://t.co/dct1xXah03,65,CNN
0.0,Fri Jun 08 09:01:38 +0000 2018,0.0,1.0,0.0,RT @cnni: You may think of the Antarctic as pristine wilderness. Nope: It's already showing the effects of human activity thousands of mile‚Ä¶,66,CNN
0.4404,Fri Jun 08 08:59:56 +0000 2018,0.0,0.854,0.146,UK Foreign Secretary Boris Johnson appeared to suggest Donald Trump would handle Brexit negotiations better than Pr‚Ä¶ https://t.co/uLNXivJvo6,67,CNN
0.1779,Fri Jun 08 08:50:06 +0000 2018,0.124,0.723,0.153,The Washington Capitals defeated the Vegas Golden Knights 4-3 on Thursday night to win their first ever Stanley Cup https://t.co/FzIw2jqqWg,68,CNN
0.3818,Fri Jun 08 08:41:49 +0000 2018,0.0,0.88,0.12,Bernie Sanders says President Trump has not lived up to the promises he made during the 2016 presidential campaign‚Ä¶ https://t.co/g8dVsBsvbA,69,CNN
0.0,Fri Jun 08 08:27:02 +0000 2018,0.0,1.0,0.0,"A man who was punched and forcefully taken to the ground by several Arizona police officers says he wants them to ""‚Ä¶ https://t.co/NySXDSvS4j",70,CNN
0.5267,Fri Jun 08 08:21:43 +0000 2018,0.175,0.556,0.27,A coral fertility treatment designed to help heal damaged parts of Australia's Great Barrier Reef is showing signs‚Ä¶ https://t.co/kd2n3qbTPe,71,CNN
0.0516,Fri Jun 08 08:14:52 +0000 2018,0.0,0.938,0.062,"Stormy Daniels' attorney Michael Avenatti says he owes ""an apology to the pig for associating Giuliani with a pig""‚Ä¶ https://t.co/b7UUiyJ6cA",72,CNN
0.7561,Fri Jun 08 07:14:48 +0000 2018,0.053,0.702,0.245,RT @cnni: We're live on Facebook at the Great Barrier Reef on #WorldOceansDay2018. Scientists estimate 50% of the coral on this natural won‚Ä¶,73,CNN
0.0,Fri Jun 08 07:08:41 +0000 2018,0.0,1.0,0.0,"From Paris to Hong Kong, and Quito to Mal√©, on June 8, students around the world are celebrating‚Ä¶ https://t.co/yNU6GvNH5j",74,CNN
0.0,Fri Jun 08 06:57:34 +0000 2018,0.0,1.0,0.0,"For #WorldOceansDay2018, June 8, all 212 schools in the Maldives have joined CNN's #zeroplasticlunch campaign.

But‚Ä¶ https://t.co/eEQwoGsK17",75,CNN
0.0,Fri Jun 08 06:46:22 +0000 2018,0.0,1.0,0.0,Time cover gets Trump just right | By Michael D'Antonio via @CNNOpinion https://t.co/gK1nmJGgjV https://t.co/daLgl5Sw2G,76,CNN
0.0,Fri Jun 08 06:36:04 +0000 2018,0.0,1.0,0.0,"In the Maldives, a resort offers endangered sea turtles a new life #WorldOceansDay https://t.co/WLyrIoKbhO https://t.co/LSygLDIZGy",77,CNN
0.8519,Fri Jun 08 06:31:00 +0000 2018,0.0,0.646,0.354,Ever felt like your vacation would make a good blockbuster movie? This tour company aims to capture your travel exp‚Ä¶ https://t.co/I5hgHamnhz,78,CNN
0.765,Fri Jun 08 06:18:04 +0000 2018,0.145,0.526,0.329,The race to save the Great Barrier Reef? A coral fertility treatment designed to help damaged parts of the reef is‚Ä¶ https://t.co/Eb0rHr9cU2,79,CNN
0.4939,Fri Jun 08 06:16:00 +0000 2018,0.0,0.856,0.144,IHOP says it's changing name to IHOb. Many major companies also have rebranded ‚Äî some successfully and some not so‚Ä¶ https://t.co/zbegCT9QgU,80,CNN
0.4019,Fri Jun 08 06:01:07 +0000 2018,0.0,0.856,0.144,The International Monetary Fund is stepping in to help Argentina with a $50 billion line of credit‚Ä¶ https://t.co/VqiPghYO9b,81,CNN
0.4215,Fri Jun 08 05:46:01 +0000 2018,0.0,0.781,0.219,BlackBerry still hopes its keyboard keeps fans coming back https://t.co/AodQi1CBVV https://t.co/y2XVI034ph,82,CNN
0.0,Fri Jun 08 05:31:07 +0000 2018,0.0,1.0,0.0,Former Trump campaign manager Corey Lewandowski defended White House press secretary Sarah Sanders' answer to a que‚Ä¶ https://t.co/cDMdSd0oap,83,CNN
0.5859,Fri Jun 08 05:21:00 +0000 2018,0.0,0.847,0.153,"One step on the island of Bermuda, and it's impossible not to be moved by its beauty, history, simplicity and charm‚Ä¶ https://t.co/wjT3FGP4Pa",84,CNN
-0.7351,Fri Jun 08 05:01:07 +0000 2018,0.279,0.721,0.0,"In a preliminary report about a fatal Tesla crash in California, federal investigators said that the driver did not‚Ä¶ https://t.co/LNhFLy5C1h",85,CNN
0.3612,Fri Jun 08 04:46:00 +0000 2018,0.0,0.848,0.152,3D-printed concrete houses are coming to the Netherlands. Here's what they look like. https://t.co/uWmF4SEodG https://t.co/4RvtLliA86,86,CNN
0.4939,Fri Jun 08 04:31:02 +0000 2018,0.0,0.849,0.151,"In honor of the 70th anniversary of Porsche's first car, here are stories behind the brand's best-loved designs‚Ä¶ https://t.co/bYS7OwwKMW",87,CNN
-0.34,Fri Jun 08 04:16:00 +0000 2018,0.179,0.821,0.0,Amazon's new Fire TV Cube turns Alexa into your remote https://t.co/dEEYskLCNO https://t.co/rATP33zvWb,88,CNN
-0.4588,Fri Jun 08 04:09:01 +0000 2018,0.143,0.857,0.0,"Organizers of a fashion show in Saudi Arabia used drones to display female clothes, drawing ridicule on social medi‚Ä¶ https://t.co/xMlDAotzCd",89,CNN
-0.8225,Fri Jun 08 04:01:09 +0000 2018,0.336,0.664,0.0,A longtime US Senate staffer was arrested on charges of lying to federal agents as part of an investigation related‚Ä¶ https://t.co/p8GOB6DcGq,90,CNN
-0.5994,Fri Jun 08 03:51:41 +0000 2018,0.196,0.804,0.0,"RT @CuomoPrimeTime: Sen. Bernie Sanders says President Trump is ""going to war against working people"" #CuomoPrimeTime https://t.co/ZlYzrSD0‚Ä¶",91,CNN
0.4939,Fri Jun 08 03:46:04 +0000 2018,0.0,0.842,0.158,"The Trump administration's highly unusual deal to save ZTE, a giant Chinese tech company, is drawing deep skepticis‚Ä¶ https://t.co/BBBT3CLiAo",92,CNN
0.5719,Fri Jun 08 03:31:11 +0000 2018,0.0,0.773,0.227,"The Trump administration won't defend central provisions of the Affordable Care Act, saying in a legal filing that‚Ä¶ https://t.co/6imyGY1Sij",93,CNN
0.0,Fri Jun 08 03:16:05 +0000 2018,0.0,1.0,0.0,Time cover gets Trump just right | By Michael D'Antonio via @CNNOpinion https://t.co/HzRds6mDzw https://t.co/RuRLMEQCYK,94,CNN
0.0,Fri Jun 08 03:08:16 +0000 2018,0.0,1.0,0.0,"RT @CNNTonight: Did the President merely use @KimKardashian as a ""political pawn,"" someone to ""give him legitimacy"" and eventually appear i‚Ä¶",95,CNN
0.5719,Fri Jun 08 03:01:49 +0000 2018,0.0,0.821,0.179,A new television ad showing a gubernatorial candidate kissing his husband is the first political spot in US history‚Ä¶ https://t.co/mnQotfgMhu,96,CNN
0.296,Fri Jun 08 02:51:07 +0000 2018,0.0,0.905,0.095,"RT @CNNTonight: ""So, yeah, he called my cell phone."" @KimKardashian tells @VanJones68 about the time President Trump rang her mobile to say‚Ä¶",97,CNN
0.2023,Fri Jun 08 02:46:00 +0000 2018,0.1,0.731,0.169,"""Just to know that we changed one person's life. ... We cried, maybe, on the phone for like 3 minutes straight. ...‚Ä¶ https://t.co/UnUV9xNLbh",98,CNN
0.4201,Fri Jun 08 02:38:42 +0000 2018,0.0,0.841,0.159,"RT @CNNTonight: ""I'm here because I really want to know why did you kick Khloe off 'The Apprentice'"" - @KimKardashian reveals a joke she us‚Ä¶",99,CNN
0.5859,Fri Jun 08 14:35:20 +0000 2018,0.0,0.678,0.322,RT @BBCNews: The Queen has successful cataract operation https://t.co/xsbqmA0rT5,0,BBCWorld
0.0,Fri Jun 08 14:26:27 +0000 2018,0.0,1.0,0.0,Chimamanda Ngozi Adichie: Changing men and opening doors https://t.co/ByW9IlvCmJ,1,BBCWorld
-0.3182,Fri Jun 08 14:26:27 +0000 2018,0.247,0.753,0.0,The ghost village being reclaimed by nature https://t.co/vQ4NLtHSKq,2,BBCWorld
-0.9371,Fri Jun 08 13:53:16 +0000 2018,0.643,0.357,0.0,Susanna Feldman murder: Suspect in German teen's killing arrested in Iraq https://t.co/NzRl3TOjBY,3,BBCWorld
0.2263,Fri Jun 08 13:22:41 +0000 2018,0.131,0.654,0.215,Muhammad Ali: President Trump mulls draft dodging pardon https://t.co/sE4Vgx0o3z,4,BBCWorld
0.2023,Fri Jun 08 12:26:05 +0000 2018,0.0,0.816,0.184,South African company apologises for sexist beer campaign https://t.co/lio95mz2Vs,5,BBCWorld
-0.6486,Fri Jun 08 12:04:07 +0000 2018,0.158,0.842,0.0,"RT @BBCBreaking: US celebrity chef and writer Anthony Bourdain found dead in French hotel room at age of 61, his employer CNN says https://‚Ä¶",6,BBCWorld
-0.6486,Fri Jun 08 11:34:10 +0000 2018,0.35,0.65,0.0,Anthony Bourdain: Celebrity chef found dead at 61 https://t.co/CSe1SfLbyh,7,BBCWorld
0.7407,Fri Jun 08 11:18:49 +0000 2018,0.175,0.489,0.336,"RT @BBC_HaveYourSay: What do you do when a loved one suffers from depression? If you are happy to do so, please share your stories with us.‚Ä¶",8,BBCWorld
0.0,Fri Jun 08 11:16:57 +0000 2018,0.0,1.0,0.0,"RT @BBCSteveR: President Putin's TV phone-in: ""democracy in action"" or ""the product of an inefficient system""?  My quick take on the marath‚Ä¶",9,BBCWorld
0.0,Fri Jun 08 11:09:25 +0000 2018,0.0,1.0,0.0,RT @BBCEarth: Sir David Attenborough‚Äôs message for #WorldOceansDay. üåäüíô https://t.co/H7x7bD25hZ,10,BBCWorld
-0.4939,Fri Jun 08 10:40:11 +0000 2018,0.314,0.686,0.0,Stolen Christopher Columbus letter returned to Spain https://t.co/A9KGNYDvOz,11,BBCWorld
0.0258,Fri Jun 08 10:30:17 +0000 2018,0.0,0.879,0.121,Fortnite player first to reach elusive game island https://t.co/m5yHE8weV7,12,BBCWorld
-0.2263,Fri Jun 08 10:15:03 +0000 2018,0.213,0.787,0.0,Airbnb cancels thousands of bookings in Japan https://t.co/DVjm9AfyT1,13,BBCWorld
0.0,Fri Jun 08 10:07:59 +0000 2018,0.0,1.0,0.0,Chinese house demolition halted because of swallow residents https://t.co/lfRVqFAXOW,14,BBCWorld
0.0,Fri Jun 08 09:53:26 +0000 2018,0.0,1.0,0.0,Lullaby written for school-shooting drills https://t.co/drHquGiiyy,15,BBCWorld
0.0,Fri Jun 08 09:47:46 +0000 2018,0.0,1.0,0.0,RT @bbcworldservice: What's happening to Botswana's disappearing birds of prey? https://t.co/r7ap3kXJhl,16,BBCWorld
0.0,Fri Jun 08 09:35:22 +0000 2018,0.0,1.0,0.0,"""Who could survive this heat?"" 
Eddie Santiago returns to search for his family after the Guatemala volcano üåã‚Ä¶ https://t.co/GuW3Knrc7s",17,BBCWorld
-0.4767,Fri Jun 08 09:32:25 +0000 2018,0.279,0.721,0.0,Trump-Kim summit: S Korean reporters arrested over N Korea 'trespass' https://t.co/wanY1HqpZg,18,BBCWorld
0.0258,Fri Jun 08 09:12:06 +0000 2018,0.0,0.945,0.055,"Turkey is holding early elections so why does it matter? üáπü§î
Here's the BBC's Turkey correspondent @marklowen on wha‚Ä¶ https://t.co/s8deGwPfGA",19,BBCWorld
-0.4404,Fri Jun 08 09:07:25 +0000 2018,0.244,0.756,0.0,Austria to shut seven 'political' mosques and expel imams https://t.co/40EAL3221A,20,BBCWorld
0.0,Fri Jun 08 08:57:48 +0000 2018,0.0,1.0,0.0,Making food crops that feed themselves https://t.co/L4gtmnZYwq,21,BBCWorld
0.3612,Fri Jun 08 07:26:35 +0000 2018,0.0,0.839,0.161,"RT @BBC_HaveYourSay: ""My name is Michael Patterson, sir. Thank you for delivering me."" 

https://t.co/4ktgD2zmIx",22,BBCWorld
-0.5994,Fri Jun 08 07:04:28 +0000 2018,0.281,0.719,0.0,Tariffs and Trump: War of words ahead of G7 summit https://t.co/biWNYzibei,23,BBCWorld
-0.4019,Fri Jun 08 07:04:00 +0000 2018,0.129,0.815,0.056,"RT @BBCStreeter: France has banned mobile phones in schools, should other countries do the same? On #bbcbizlive ‚Å¶‚Å¶@BBCBusiness‚Å© we want to‚Ä¶",24,BBCWorld
0.0,Fri Jun 08 06:21:39 +0000 2018,0.0,1.0,0.0,Australia indigenous treaties: Historic steps 'beginning of journey' https://t.co/xCgiEZ6arL,25,BBCWorld
-0.3818,Fri Jun 08 03:11:30 +0000 2018,0.206,0.794,0.0,Big fight to bring arm wrestling to South Africa's townships https://t.co/Fj7KlFhCN2,26,BBCWorld
0.5423,Fri Jun 08 03:11:30 +0000 2018,0.0,0.696,0.304,Trump-Kim summit: Can you achieve peace on a plate? https://t.co/N7eeTPsyH3,27,BBCWorld
0.0964,Fri Jun 08 03:08:52 +0000 2018,0.102,0.783,0.115,RT @BBCMaryam: French school kids are to be banned from using mobile phones on school grounds in France from Sept. Is this a good thing ? O‚Ä¶,28,BBCWorld
0.0,Fri Jun 08 02:31:17 +0000 2018,0.0,1.0,0.0,Doug Ford: Ex-Toronto mayor's brother set to be Ontario premier https://t.co/Te5Kj7pBl4,29,BBCWorld
0.2023,Fri Jun 08 02:10:24 +0000 2018,0.0,0.833,0.167,IMF agrees to loan up to $50bn for Argentina https://t.co/mE818MXK46,30,BBCWorld
0.0,Fri Jun 08 01:36:11 +0000 2018,0.0,1.0,0.0,Canada moves a step closer to legalising marijuana https://t.co/g31HAMjAqT,31,BBCWorld
0.0,Fri Jun 08 01:18:43 +0000 2018,0.0,1.0,0.0,"US to send 1,600 immigration detainees to federal prisons https://t.co/JisMU9COyf",32,BBCWorld
0.3182,Fri Jun 08 00:33:47 +0000 2018,0.0,0.897,0.103,US President Donald Trump said he would consider inviting North Korea's Kim Jong-un to the White House if their sum‚Ä¶ https://t.co/Qux6rLCASx,33,BBCWorld
-0.1531,Thu Jun 07 23:56:30 +0000 2018,0.182,0.682,0.136,UN sanctions top people smugglers in Libya in global first https://t.co/GLAS7ok1EY,34,BBCWorld
0.3182,Thu Jun 07 23:46:56 +0000 2018,0.0,0.796,0.204,Mexico candidate L√≥pez Obrador thrives on promise of change https://t.co/629EgGPCut,35,BBCWorld
-0.5267,Thu Jun 07 23:44:48 +0000 2018,0.298,0.702,0.0,Viewpoint: Will Pakistan mend its ways on terror? https://t.co/mqPilVt63E,36,BBCWorld
0.0,Thu Jun 07 23:44:46 +0000 2018,0.0,1.0,0.0,Will the G7 summit be dominated by a trade row? https://t.co/fBR7R0Ynsm,37,BBCWorld
0.2732,Thu Jun 07 23:33:14 +0000 2018,0.0,0.792,0.208,Turkey‚Äôs Erdogan faces surprise test in tight vote https://t.co/e27FsI9Mrl,38,BBCWorld
0.0,Thu Jun 07 23:23:57 +0000 2018,0.0,1.0,0.0,Africa's week in pictures: 1-7 June 2018 https://t.co/9kEBFNgC8G,39,BBCWorld
0.1779,Thu Jun 07 23:09:33 +0000 2018,0.168,0.611,0.221,Guatemala volcano: 'There's no hope for finding my family' https://t.co/kVLiofAbdO,40,BBCWorld
0.0,Thu Jun 07 20:44:38 +0000 2018,0.0,1.0,0.0,New Prince album announced on 60th birthday https://t.co/D0YhZH3scJ,41,BBCWorld
-0.8555,Thu Jun 07 19:50:04 +0000 2018,0.545,0.455,0.0,Kate Spade: Death ruled suicide by medical examiner https://t.co/sZYQgj95Rp,42,BBCWorld
0.0,Thu Jun 07 19:45:09 +0000 2018,0.0,1.0,0.0,Ghana dissolves football association amid corruption claims https://t.co/Iq1ltQIcot,43,BBCWorld
0.0,Thu Jun 07 19:31:25 +0000 2018,0.0,1.0,0.0,Ask Putin: The phone-in with a difference https://t.co/9r1u9DtyMb,44,BBCWorld
0.1531,Thu Jun 07 19:15:58 +0000 2018,0.0,0.849,0.151,Trump-Kim summit: North Korea leader may get US invite https://t.co/quH9Py6ngW,45,BBCWorld
0.6705,Thu Jun 07 18:51:15 +0000 2018,0.0,0.735,0.265,"US President Donald Trump says if North Korea summit goes well, he will invite Kim Jong-un to the United States‚Ä¶ https://t.co/8DEVLVuzGG",46,BBCWorld
0.7184,Thu Jun 07 18:40:22 +0000 2018,0.0,0.76,0.24,"""A major step forward is about to be taken"" - Japan PM Shinzo Abe says he values President Trump's ""strong commitme‚Ä¶ https://t.co/B9eLEuyvzb",47,BBCWorld
0.7003,Thu Jun 07 18:32:36 +0000 2018,0.0,0.734,0.266,"""I hope the upcoming meeting... represents the beginning of a bright new future for North Korea"" - President Trump‚Ä¶ https://t.co/ySe120KVo5",48,BBCWorld
-0.5574,Thu Jun 07 17:45:14 +0000 2018,0.265,0.735,0.0,French MPs back ban on mobile phone use in schools https://t.co/5fdw3o4Vro,49,BBCWorld
0.0,Thu Jun 07 17:29:36 +0000 2018,0.0,1.0,0.0,Tornado sweeps across Laramie in Wyoming https://t.co/mIwXkkaZXR,50,BBCWorld
0.0,Thu Jun 07 17:26:44 +0000 2018,0.0,1.0,0.0,Oldest 'footprints' found in China https://t.co/SwHZs1Nn0g,51,BBCWorld
0.8402,Thu Jun 07 17:03:36 +0000 2018,0.0,0.667,0.333,This is the remarkable story of a convent of Mexican nuns helping to save one of the world's most endangered amphib‚Ä¶ https://t.co/eBLEuxGfZB,52,BBCWorld
0.0,Thu Jun 07 16:42:20 +0000 2018,0.0,1.0,0.0,How a BBC crew was followed in World Cup 2018 Russia https://t.co/sYqVcSNX0R,53,BBCWorld
-0.4939,Thu Jun 07 16:42:19 +0000 2018,0.286,0.714,0.0,Rogue Baltimore police unit ringleader Wayne Jenkins jailed https://t.co/H3bIZdOWHb,54,BBCWorld
0.0772,Thu Jun 07 16:19:45 +0000 2018,0.0,0.755,0.245,What Nicaragua demonstrators want https://t.co/bKwW2QpIZz,55,BBCWorld
0.0,Thu Jun 07 16:14:38 +0000 2018,0.0,1.0,0.0,Georgians put the boot in over PM's alleged use of bots https://t.co/DIHSJz7dzl,56,BBCWorld
-0.5994,Thu Jun 07 16:04:30 +0000 2018,0.328,0.672,0.0,Avengers superfan watches Infinity War film 43 times https://t.co/nZWOad3JDI,57,BBCWorld
-0.765,Thu Jun 07 15:32:15 +0000 2018,0.524,0.476,0.0,Kate Spade death: Mental illness 'doesn't discriminate' https://t.co/c6543I9kot,58,BBCWorld
0.4404,Thu Jun 07 15:17:30 +0000 2018,0.131,0.611,0.258,Silent alert system for women who are being attacked in the street wins $1m XPrize #BBCWorldHacks https://t.co/ehis3Uqfi8,59,BBCWorld
0.0,Thu Jun 07 15:11:02 +0000 2018,0.0,1.0,0.0,Korean woman survives six days in Australian wilderness https://t.co/UpXmoQRUWS,60,BBCWorld
-0.7783,Thu Jun 07 15:11:00 +0000 2018,0.531,0.469,0.0,Israel blames Iran for Gaza border violence https://t.co/RGFIss4CCu,61,BBCWorld
-0.7003,Thu Jun 07 14:45:00 +0000 2018,0.492,0.508,0.0,Ship hack 'risks chaos in English Channel' https://t.co/jHTA8WDpQl,62,BBCWorld
-0.6124,Thu Jun 07 14:42:29 +0000 2018,0.25,0.75,0.0,"The moment Arizona police officers brutally beat up an unarmed man

https://t.co/dH23CYgyrI https://t.co/lA2QyRIWWM",63,BBCWorld
-0.6486,Thu Jun 07 14:18:02 +0000 2018,0.35,0.65,0.0,Israeli PM Netanyahu: Iran nuclear deal is dead https://t.co/sv8hyYJkQa,64,BBCWorld
0.8043,Thu Jun 07 14:08:59 +0000 2018,0.082,0.564,0.353,"This elderly man was struggling slowly across a busy road - but help was at hand!

https://t.co/wqgxKtyMMq https://t.co/o9jnoATohw",65,BBCWorld
0.6705,Thu Jun 07 14:06:05 +0000 2018,0.0,0.792,0.208,RT @BBCkatyaadler: The EU doesn‚Äòt like the reference to a time-limit; it won‚Äôt cut the mustard for them as an Irish border backstop. While‚Ä¶,66,BBCWorld
0.0,Thu Jun 07 13:59:30 +0000 2018,0.0,1.0,0.0,RT @BBCkatyaadler: The U.K. proposal for an if-all-else-fails backstop on customs relations with the EU -aimed at not alienating anyone - i‚Ä¶,67,BBCWorld
0.0,Thu Jun 07 13:47:43 +0000 2018,0.0,1.0,0.0,Why have boots started to appear outside the Georgian PM's office? https://t.co/yfM9cJFjBQ,68,BBCWorld
-0.6486,Thu Jun 07 13:12:24 +0000 2018,0.323,0.677,0.0,Dutch queen's sister found dead at Buenos Aires home https://t.co/4uUtFUxRda,69,BBCWorld
0.0,Thu Jun 07 12:58:23 +0000 2018,0.0,1.0,0.0,A BBC crew filming in Russia ahead of the @FIFAWorldCup found itself under constant surveillance‚Ä¶ https://t.co/3tk34ZIVJ5,70,BBCWorld
0.4404,Thu Jun 07 12:43:57 +0000 2018,0.0,0.707,0.293,Alice Johnson thanks Trump for Kardashian-backed release https://t.co/EEnP1jn3jx,71,BBCWorld
-0.6705,Thu Jun 07 11:13:13 +0000 2018,0.478,0.522,0.0,In pictures: Chile students protest against harassment https://t.co/QsSOgFHBkr,72,BBCWorld
-0.7845,Thu Jun 07 11:08:27 +0000 2018,0.58,0.42,0.0,Stockholm lorry attacker jailed for life https://t.co/6UC2xOmq8U,73,BBCWorld
-0.4826,Thu Jun 07 10:33:57 +0000 2018,0.181,0.756,0.063,RT @BBCSteveR: Putin‚Äôs not shedding tears in public for Russian businessmen who may be having problems with the UK authorities: ‚ÄúI warned o‚Ä¶,74,BBCWorld
0.0,Thu Jun 07 10:32:40 +0000 2018,0.0,1.0,0.0,This is a lengthy reverse manoeuvre üöó https://t.co/bCL9E6Y22h,75,BBCWorld
0.2023,Thu Jun 07 10:15:39 +0000 2018,0.0,0.917,0.083,"RT @BBCSteveR: Putin asked: ‚ÄúWill there be a Third World War?‚Äù
He replies: ‚ÄúFear of mutual annihilation always restrained the top military‚Ä¶",76,BBCWorld
-0.5423,Thu Jun 07 10:06:08 +0000 2018,0.333,0.667,0.0,Iraq arms cache explosions destroy Baghdad mosque https://t.co/XjxIeHnckl,77,BBCWorld
-0.128,Thu Jun 07 09:49:35 +0000 2018,0.097,0.824,0.079,RT @BBCSteveR: Call the Kremlin: Alexei from St Petersburg complains to Putin about rising fuel prices. So Putin goes live to the Energy Mi‚Ä¶,78,BBCWorld
-0.6908,Thu Jun 07 09:23:26 +0000 2018,0.531,0.354,0.115,S Africa axe murderer gets life sentence https://t.co/YNM3N2GHmS,79,BBCWorld
0.2263,Thu Jun 07 08:52:42 +0000 2018,0.121,0.717,0.161,RT @BBCBreaking: Human rights campaigners lose UK Supreme Court appeal over legality of Northern Ireland's abortion law https://t.co/dWihoH‚Ä¶,80,BBCWorld
0.0,Thu Jun 07 08:42:38 +0000 2018,0.0,1.0,0.0,Afghanistan calls temporary Eid ceasefire with Taliban https://t.co/dpaa10QTGr,81,BBCWorld
0.0,Thu Jun 07 08:30:46 +0000 2018,0.0,1.0,0.0,Police officer piggybacks man across busy road https://t.co/AUq9Iy1E4r,82,BBCWorld
-0.4019,Thu Jun 07 08:09:10 +0000 2018,0.231,0.769,0.0,US embassy pulls more China staff over mystery illness https://t.co/mKcrHd1f4A,83,BBCWorld
0.0,Thu Jun 07 08:04:36 +0000 2018,0.0,1.0,0.0,Trump asks if Canada burnt down White House in call with PM https://t.co/4jnRiJYnfX,84,BBCWorld
0.0,Thu Jun 07 08:03:36 +0000 2018,0.0,1.0,0.0,"""Didn't you guys burn down the White House?"" Trump reportedly asked Canada's PM (they didn't) https://t.co/AFiDz6FwIH",85,BBCWorld
0.2263,Thu Jun 07 06:45:32 +0000 2018,0.0,0.808,0.192,"European football is worth a record ¬£22bn, says Deloitte https://t.co/2u0DF8OcdV",86,BBCWorld
0.6705,Thu Jun 07 06:26:24 +0000 2018,0.0,0.807,0.193,RT @BBCMaryam: So as Emirates tests windowless planes we want to know whether you would rather see a virtual view or do you love being able‚Ä¶,87,BBCWorld
0.2023,Thu Jun 07 06:21:04 +0000 2018,0.0,0.924,0.076,"RT @BBCSteveR: It's ""Call the Kremlin"" time again. Vladimir Putin hosts his annual TV phone-in, when Russians ask him to solve their proble‚Ä¶",88,BBCWorld
-0.34,Thu Jun 07 06:01:22 +0000 2018,0.231,0.769,0.0,Spencer Tunick: Supermarket chain halts artist's nude shoot https://t.co/SvToiOAjpi,89,BBCWorld
0.4215,Thu Jun 07 05:59:04 +0000 2018,0.145,0.602,0.253,Beyonc√© and Jay-Z: Crazy In Love as tour opens in Cardiff https://t.co/iARjXGjd0D,90,BBCWorld
0.0,Thu Jun 07 05:33:14 +0000 2018,0.0,1.0,0.0,Trump-Kim summit: Abe heads to US amid surge of diplomacy https://t.co/3W3PqnpZNi,91,BBCWorld
-0.5859,Thu Jun 07 05:16:47 +0000 2018,0.352,0.648,0.0,Arizona police violently beat unarmed Robert Johnson https://t.co/chEWF20d3f,92,BBCWorld
-0.4404,Thu Jun 07 03:01:45 +0000 2018,0.367,0.633,0.0,Football scandal in West Africa https://t.co/f9fxcesYd0,93,BBCWorld
-0.7964,Thu Jun 07 01:54:32 +0000 2018,0.574,0.426,0.0,Guatemala volcano: Emergency agency 'failed to heed warnings' https://t.co/UeFKuBgD8P,94,BBCWorld
0.0,Wed Jun 06 23:38:56 +0000 2018,0.0,1.0,0.0,Separation of migrant families: What other countries do https://t.co/bummTfGy1s,95,BBCWorld
0.6597,Wed Jun 06 23:33:41 +0000 2018,0.0,0.597,0.403,Meet the nuns helping save a sacred species from extinction https://t.co/ZnNO70hVWK,96,BBCWorld
-0.1796,Wed Jun 06 23:33:40 +0000 2018,0.241,0.568,0.191,G7 summit: Trapped in the world's most secure house https://t.co/vi0xs1ZJP0,97,BBCWorld
0.0,Wed Jun 06 23:33:40 +0000 2018,0.0,1.0,0.0,A North Korean wishlist: The three things Pyongyang wants https://t.co/Jhom6dFvdG,98,BBCWorld
-0.4404,Wed Jun 06 23:17:39 +0000 2018,0.281,0.576,0.144,Ethiopia offers Eritrea chance to end Africa's longest war https://t.co/FJE1bCvTjE,99,BBCWorld
0.128,Fri Jun 08 14:24:49 +0000 2018,0.181,0.656,0.162,"""I've been sentenced to the best job in the world"": @AnthonyMasonCBS spoke to Anthony Bourdain, who died Friday at‚Ä¶ https://t.co/Qvu6wiXn1p",0,CBSNews
0.1531,Fri Jun 08 14:05:29 +0000 2018,0.0,0.914,0.086,"Melania Trump wanted to join G7 summit trip but she can't fly for a month, President Trump says‚Ä¶ https://t.co/h1cHZmdxRY",1,CBSNews
-0.0258,Fri Jun 08 13:50:52 +0000 2018,0.064,0.936,0.0,A chilling report reveals bartenders' actions before last year's massacre at a Texas home during a Dallas Cowboys g‚Ä¶ https://t.co/NPjKni2lqK,2,CBSNews
0.7351,Fri Jun 08 13:33:58 +0000 2018,0.0,0.693,0.307,"President Trump says he may pardon another late heavyweight boxing champion ‚Äî this time, Muhammad Ali:‚Ä¶ https://t.co/nvzjUhhDUw",3,CBSNews
-0.4939,Fri Jun 08 13:18:14 +0000 2018,0.127,0.873,0.0,RT @CBSThisMorning: More than 600 homes have now been destroyed by the volcano on Hawaii's Big Island. The Kilauea volcano is still eruptin‚Ä¶,4,CBSNews
0.4215,Fri Jun 08 13:14:45 +0000 2018,0.0,0.887,0.113,"President Trump, on his way to the G-7 summit in Canada, said he hopes to reinstate Russia into the group. Russia w‚Ä¶ https://t.co/W4p7APZEbV",5,CBSNews
-0.6705,Fri Jun 08 13:01:56 +0000 2018,0.184,0.816,0.0,"Suicide rates in the U.S. rose nearly 30% over the past two decades, according to a new study, and researchers say‚Ä¶ https://t.co/9oo7aRk8dY",6,CBSNews
-0.6801,Fri Jun 08 12:49:38 +0000 2018,0.237,0.763,0.0,"EPA Administrator Scott Pruitt ""is being attacked very viciously by the press. I'm not saying that he is blameless‚Ä¶ https://t.co/FFhcuVdUNA",7,CBSNews
0.1655,Fri Jun 08 12:48:24 +0000 2018,0.0,0.927,0.073,"‚ÄúYes, I do have an absolute right to¬†pardon myself, but I will never¬†have to do it becauseI didn't do anything wron‚Ä¶ https://t.co/S4Eckyl6vQ",8,CBSNews
0.4019,Fri Jun 08 12:47:00 +0000 2018,0.0,0.847,0.153,"President Trump says he is considering pardoning Muhammad Ali: ""I'm thinking about that very seriously.""‚Ä¶ https://t.co/FoU4J7ViLd",9,CBSNews
-0.1419,Fri Jun 08 12:43:25 +0000 2018,0.066,0.934,0.0,"""Why are we having a meeting¬†without Russia?¬†I would recommend, and it is up¬†to them, but Russia should be¬†in the m‚Ä¶ https://t.co/m7n3z2rgMP",10,CBSNews
0.1531,Fri Jun 08 12:41:21 +0000 2018,0.16,0.574,0.266,"President Trump on death of Anthony Bourdain: ""I want to extend to his family my heartfelt condolences.""‚Ä¶ https://t.co/l1KxnK9BPP",11,CBSNews
0.0,Fri Jun 08 12:39:30 +0000 2018,0.0,1.0,0.0,"‚ÄúI said I've been preparing all¬†my life.¬†I always believe in preparation.¬†But I have been preparing all¬†my life,‚Äù P‚Ä¶ https://t.co/BaDxZRs6p2",12,CBSNews
-0.4767,Fri Jun 08 12:36:50 +0000 2018,0.129,0.871,0.0,"""We are going to deal with the unfair trade practices. If you look what Canada, Mexico, the European Union, what al‚Ä¶ https://t.co/lvjuEsj26h",13,CBSNews
0.0,Fri Jun 08 12:34:04 +0000 2018,0.0,1.0,0.0,MOMENTS AGO: President Trump speaks to reporters as he departs the White House for the G7 summit in Quebec‚Ä¶ https://t.co/ZQBV6xMQ9Z,14,CBSNews
-0.6369,Fri Jun 08 12:29:04 +0000 2018,0.174,0.775,0.05,"RT @CBSThisMorning: ""You never know what's in somebody's head... A lot of times people who end up committing suicide, even when they're ask‚Ä¶",15,CBSNews
-0.1027,Fri Jun 08 12:21:50 +0000 2018,0.055,0.945,0.0,"RT @CBSThisMorning: ""I think when you travel as much as I have... I think you become aware of how other people live, how hard their lives a‚Ä¶",16,CBSNews
-0.6249,Fri Jun 08 12:11:06 +0000 2018,0.157,0.843,0.0,‚ÄúI think it is a public health crisis. And I think what it means is that we need more resources. We need more resea‚Ä¶ https://t.co/gnVbZjO13h,17,CBSNews
0.0,Fri Jun 08 12:06:34 +0000 2018,0.0,1.0,0.0,Anthony Bourdain told @AnthonyMasonCBS in 2016 that his later life changed him: https://t.co/eEcdi1IJsk https://t.co/aP3Gqhr7lK,18,CBSNews
-0.0829,Fri Jun 08 11:57:34 +0000 2018,0.182,0.649,0.169,"RT @CBSThisMorning: If you or somebody you know is struggling, you're not alone. Please call 1-800-273-TALK for help. @800273TALK is availa‚Ä¶",19,CBSNews
0.959,Fri Jun 08 11:47:21 +0000 2018,0.0,0.423,0.577,"Anthony Bourdain's ""love of great adventure, new friends, fine food and drink and the remarkable stories of the wor‚Ä¶ https://t.co/ZD1mwUHe9z",20,CBSNews
-0.8442,Fri Jun 08 11:34:54 +0000 2018,0.323,0.677,0.0,"Anthony Bourdain, a celebrity chef and host of CNN's ""Parts Unknown,"" has died in an apparent suicide, the network‚Ä¶ https://t.co/tyKepWV9nB",21,CBSNews
0.5267,Fri Jun 08 11:23:10 +0000 2018,0.0,0.848,0.152,"For the first time in their history, the NHL's Washington @Capitals are Stanley Cup champions. Fans couldn't hold b‚Ä¶ https://t.co/Zw7oSX7hLC",22,CBSNews
0.0,Fri Jun 08 11:19:42 +0000 2018,0.0,1.0,0.0,"A New medical mystery affecting U.S. diplomatic workers, this time in China, is deepening. The U.S. embassy in Beij‚Ä¶ https://t.co/6deY2iQWcg",23,CBSNews
-0.6705,Fri Jun 08 11:19:31 +0000 2018,0.209,0.791,0.0,A teen escorted from the U.S. by ICE in April has reportedly killed soon after in Mexico: https://t.co/Glz3eiw13i https://t.co/0lcsBoUbSs,24,CBSNews
0.0,Fri Jun 08 11:17:04 +0000 2018,0.0,1.0,0.0,An Arizona man who was shown being hit by police on surveillance and body camera footage is speaking out:‚Ä¶ https://t.co/NeHOcLcmaZ,25,CBSNews
-0.3818,Fri Jun 08 11:14:47 +0000 2018,0.14,0.86,0.0,Prosecutors in Guatemala are investigating if the country's emergency response agency was negligent in the response‚Ä¶ https://t.co/4rGY5KAiyv,26,CBSNews
-0.4939,Fri Jun 08 11:13:01 +0000 2018,0.167,0.833,0.0,More than 600 homes have now been destroyed by the volcano on Hawaii‚Äôs Big Island https://t.co/BjU8vKSwDF https://t.co/Qs9hJETe9K,27,CBSNews
-0.0258,Fri Jun 08 11:11:57 +0000 2018,0.199,0.605,0.196,"The Senate Intelligence Committee's former head of security is due in court today, accused of lying to the FBI abou‚Ä¶ https://t.co/ZQNDHU1859",28,CBSNews
0.4588,Fri Jun 08 11:08:54 +0000 2018,0.0,0.833,0.167,"While President Trump says he's ""well prepared"" to meet with North Korean leader Kim Jong Un on Tuesday, he also sa‚Ä¶ https://t.co/9JDH4hzafA",29,CBSNews
-0.0516,Fri Jun 08 11:06:45 +0000 2018,0.059,0.941,0.0,President Trump will leave the White House shortly to begin several days of high-stakes diplomacy. At the G7 summit‚Ä¶ https://t.co/EfEa0Qn8vG,30,CBSNews
-0.6486,Fri Jun 08 10:59:55 +0000 2018,0.193,0.807,0.0,The youngest sister of Queen Maxima of Holland has been found dead in her apartment in Argentina's capital‚Ä¶ https://t.co/4CP4azaRWs,31,CBSNews
0.0,Fri Jun 08 10:41:34 +0000 2018,0.0,1.0,0.0,We're in Quebec and Singapore with what to expect from today's G-7 in Canada and the June 12th summit with North Ko‚Ä¶ https://t.co/K6pTEAZDuI,32,CBSNews
0.0,Fri Jun 08 10:40:39 +0000 2018,0.0,1.0,0.0,"RT @CBSThisMorning: COMING UP ON @CBSThisMorning :
üîú @biannagolodryga on North Korea summit preparation 
üîú @BojorquezCBS with the latest fr‚Ä¶",33,CBSNews
0.0762,Fri Jun 08 10:40:18 +0000 2018,0.0,0.925,0.075,"Mexico still isn't going to pay ""for that f*****g wall,"" former Mexican president says
https://t.co/WXyq8Kv4td (via‚Ä¶ https://t.co/R4Eus1FODu",34,CBSNews
0.3818,Fri Jun 08 10:38:17 +0000 2018,0.0,0.852,0.148,"Coming up on @CBSThisMorning: @JDickerson explores the many benefits of Japanese ""forest bathing"" for our‚Ä¶ https://t.co/UbJVQZnQjP",35,CBSNews
-0.6908,Fri Jun 08 10:20:01 +0000 2018,0.281,0.719,0.0,"Alleged Russian airstrikes kill dozens in Syria ""de-escalation"" zone in Idlib https://t.co/iT67m420sW https://t.co/ouYit4BvcG",36,CBSNews
0.0,Fri Jun 08 10:03:04 +0000 2018,0.0,1.0,0.0,White House launches new anti-opioid ad campaign aimed at youth https://t.co/vygAsdfiw4 https://t.co/Bo0KTqsK0a,37,CBSNews
0.0,Fri Jun 08 09:48:04 +0000 2018,0.0,1.0,0.0,"2018 Belmont Stakes: Horses, odds, how to watch https://t.co/EYMkyrez4l https://t.co/AmCVROrB3W",38,CBSNews
-0.5106,Fri Jun 08 09:33:05 +0000 2018,0.328,0.513,0.159,Arizona couple killed in shooting spree were friends with suspected gunman https://t.co/QhD3Gy4VtF https://t.co/AwLrlTGRx1,39,CBSNews
-0.8225,Fri Jun 08 09:18:03 +0000 2018,0.467,0.425,0.108,Kate Spade's death shines light on alarming increase in suicide rates https://t.co/AcfvMrvVKD https://t.co/New0CkqlJA,40,CBSNews
0.4404,Fri Jun 08 09:03:05 +0000 2018,0.0,0.805,0.195,Terrell Owens won't attend Pro Football Hall of Fame induction ceremony https://t.co/i0bN4G9ego https://t.co/3IuF4ysfrC,41,CBSNews
0.4215,Fri Jun 08 08:48:05 +0000 2018,0.0,0.811,0.189,Maryland gubernatorial candidate tells Trump to kiss off in new ad https://t.co/tDJRcsXO9R https://t.co/4boFYT9DWG,42,CBSNews
0.296,Fri Jun 08 08:33:04 +0000 2018,0.0,0.833,0.167,Report: Arkansas man admits intentionally contracting HIV to infect others https://t.co/Iym7dtvZ6l https://t.co/zcs3ZjyGiG,43,CBSNews
0.0,Fri Jun 08 08:18:03 +0000 2018,0.0,1.0,0.0,Walker Hayes' newborn daughter dies after birth https://t.co/EBpPjlKKAu https://t.co/rSQC5LGWMw,44,CBSNews
0.7269,Fri Jun 08 08:03:04 +0000 2018,0.0,0.534,0.466,CMT Music Awards 2018 list of winners https://t.co/N9TLX5gGiu https://t.co/sQWPFgDnta,45,CBSNews
-0.6486,Fri Jun 08 07:48:04 +0000 2018,0.212,0.788,0.0,"""Baby June,"" newborn found dead off Florida coast, may have floated for miles, cops say https://t.co/ZkdRONWu8b https://t.co/UsFMvEVAFj",46,CBSNews
0.0,Fri Jun 08 07:33:04 +0000 2018,0.0,1.0,0.0,"Pulse nightclub shooting survivors sue Orlando, its police https://t.co/q44SKGeGqw https://t.co/lHOnXgZUO0",47,CBSNews
0.0,Fri Jun 08 07:18:04 +0000 2018,0.0,1.0,0.0,Newly released video shows Las Vegas shooting from above https://t.co/Pw3Ob0PRe0 https://t.co/IFlFs2SHAe,48,CBSNews
-0.5994,Fri Jun 08 07:03:04 +0000 2018,0.218,0.782,0.0,RFK Jr. reflects on his father's life and the circumstances of his death https://t.co/JQJQrbDCnV https://t.co/PCWbNxZMff,49,CBSNews
0.0,Fri Jun 08 06:48:04 +0000 2018,0.0,1.0,0.0,"""We wanted to finally get the last word"": Vengeful obit divulges woman's affair https://t.co/QF3cvrI28Q https://t.co/dHsPoOSHZT",50,CBSNews
-0.7096,Fri Jun 08 06:33:04 +0000 2018,0.371,0.629,0.0,Police chief placed on leave amid probe into teacher's murder https://t.co/kUzgTolaY1 https://t.co/G2Kbm1Ja6m,51,CBSNews
0.0,Fri Jun 08 06:18:05 +0000 2018,0.0,1.0,0.0,Soldier who drove armored vehicle through the streets says he was following orders https://t.co/BtP3kNVcss https://t.co/D18QfUdfq8,52,CBSNews
0.7269,Fri Jun 08 06:03:05 +0000 2018,0.0,0.596,0.404,"CMT Music Awards 2018 highlights, winners and biggest moments https://t.co/7ZmQqdoO6n https://t.co/JOG3zrBfDx",53,CBSNews
-0.6369,Fri Jun 08 05:48:03 +0000 2018,0.318,0.682,0.0,Crocodile fatally mauls pastor baptizing followers at lake https://t.co/iwhpczecYe https://t.co/ts161wzHY0,54,CBSNews
-0.3818,Fri Jun 08 05:33:04 +0000 2018,0.206,0.794,0.0,Small plane makes emergency landing on busy Florida highway https://t.co/COuGYguihG https://t.co/5utd7tMhde,55,CBSNews
0.0,Fri Jun 08 05:18:04 +0000 2018,0.0,1.0,0.0,"Gas line explosion rocks Moundsville area of northern West Virginia, sends flames high in air‚Ä¶ https://t.co/b5ooQ2DqBD",56,CBSNews
0.0,Fri Jun 08 05:03:05 +0000 2018,0.0,1.0,0.0,"Dramatic rise in suicides is ""more than a mental health issue,"" CDC says https://t.co/wewiqcDCVC https://t.co/kAr4uDceae",57,CBSNews
0.0,Fri Jun 08 04:48:05 +0000 2018,0.0,1.0,0.0,Video of rats running through bag of Burger King buns prompts shutdown of Delaware location https://t.co/KY3cSxfJ1G https://t.co/K5TpFPow7c,58,CBSNews
0.0,Fri Jun 08 04:33:05 +0000 2018,0.0,1.0,0.0,"Official: ATF agent shot in ""ambush"" during enforcement operation in Gary, Indiana https://t.co/MdxsRwNEA4 https://t.co/mXdKQvlRno",59,CBSNews
0.0,Fri Jun 08 04:18:04 +0000 2018,0.0,1.0,0.0,"2018 Belmont Stakes: Horses, odds, how to watch https://t.co/KHys8M7uBM https://t.co/PrldZVKPCU",60,CBSNews
-0.4215,Fri Jun 08 04:03:03 +0000 2018,0.167,0.833,0.0,Man beaten into submission by Arizona police officers in viral video speaks out https://t.co/jiY8ZOWJee https://t.co/mzO25eYeb5,61,CBSNews
0.2732,Fri Jun 08 04:00:19 +0000 2018,0.0,0.905,0.095,"Starbucks increased prices on drip coffees across the U.S. Thursday, pushing the cost of a tall cup of java to over‚Ä¶ https://t.co/Rxuk2MTg6a",62,CBSNews
0.4215,Fri Jun 08 03:48:04 +0000 2018,0.0,0.811,0.189,Maryland gubernatorial candidate tells Trump to kiss off in new ad https://t.co/DWWtsqrtih https://t.co/mDmQVg7vTi,63,CBSNews
0.0,Fri Jun 08 03:33:03 +0000 2018,0.0,1.0,0.0,Walker Hayes' newborn daughter dies after birth https://t.co/fRB5oW4zt8 https://t.co/UqApjch7fk,64,CBSNews
0.5859,Fri Jun 08 03:20:08 +0000 2018,0.0,0.798,0.202,"The Washington Capitals win their first ever Stanley Cup, besting the Las Vegas Golden Knights‚Ä¶ https://t.co/Re8sxIfeVX",65,CBSNews
-0.4215,Fri Jun 08 03:18:06 +0000 2018,0.167,0.833,0.0,Man beaten into submission by Arizona police officers in viral video speaks out https://t.co/N32XTZIYZL https://t.co/t7DG7a9bn3,66,CBSNews
0.0,Fri Jun 08 03:03:06 +0000 2018,0.0,1.0,0.0,Newly released video shows Las Vegas shooting from above https://t.co/a2KEqWlCTs https://t.co/emiA0mzAo0,67,CBSNews
-0.6486,Fri Jun 08 02:52:31 +0000 2018,0.185,0.815,0.0,"Police say unidentified infant girl, dubbed ""Baby June,"" could have floated for miles before being found dead on th‚Ä¶ https://t.co/SOvUtcmhoV",68,CBSNews
0.0,Fri Jun 08 02:28:36 +0000 2018,0.0,1.0,0.0,Immigration talks paused in House as moderate and conservative Republicans wait for a bill draft. Moderates are giv‚Ä¶ https://t.co/YxkDuGcEK0,69,CBSNews
-0.5574,Fri Jun 08 01:59:43 +0000 2018,0.167,0.833,0.0,"Kate Spade's father says he spoke to her the night before she died: ""I don't know what happened""‚Ä¶ https://t.co/ULz9jRQyDb",70,CBSNews
-0.4767,Fri Jun 08 01:38:54 +0000 2018,0.147,0.853,0.0,A California woman was gored in a bison attack in Yellowstone National Park on Wednesday when crowds got within 10‚Ä¶ https://t.co/rp2t60DEF1,71,CBSNews
-0.8934,Fri Jun 08 01:09:46 +0000 2018,0.386,0.614,0.0,"YouTube star stabbed: Tyrone Fleming, known for appearing in the crime drama ""848,"" found dead in his Bronx apartme‚Ä¶ https://t.co/tw1lClULwF",72,CBSNews
0.0,Fri Jun 08 00:52:26 +0000 2018,0.0,1.0,0.0,New poll finds that most voters think NFL players who kneel during anthem aren't unpatriotic https://t.co/Erk1nVWkhM https://t.co/jeJqrbAJ53,73,CBSNews
0.4939,Fri Jun 08 00:29:33 +0000 2018,0.0,0.769,0.231,A pizza deliveryman who faces possible deportation gets legal help from New York Governor Andrew Cuomo‚Ä¶ https://t.co/WpFc4Dyagm,74,CBSNews
0.3612,Fri Jun 08 00:09:45 +0000 2018,0.0,0.865,0.135,"Facebook apologizes for 10-day glitch that caused millions of users' privacy settings to switch to ""public""‚Ä¶ https://t.co/kB5d8f6Op2",75,CBSNews
0.0,Thu Jun 07 23:50:01 +0000 2018,0.0,1.0,0.0,Crocodile eats small dog after years of being chased by Pippa the terrier https://t.co/JloYe9sYtq https://t.co/MvSEBG9YjC,76,CBSNews
-0.765,Thu Jun 07 23:30:01 +0000 2018,0.248,0.752,0.0,It only took four minutes for a thief to steal 14 show dogs and a van in a California In-N-Out parking lot. After o‚Ä¶ https://t.co/py0eDybfsC,77,CBSNews
0.0,Thu Jun 07 23:02:54 +0000 2018,0.0,1.0,0.0,NASA's Curiosity rover has been inching its way across Mars for nearly six years and it recently found something ve‚Ä¶ https://t.co/0GVLD7sS4c,78,CBSNews
0.5267,Thu Jun 07 22:59:39 +0000 2018,0.0,0.861,0.139,It began as a pizza delivery to an Army base a short distance from the Statue of Liberty and ended with a man detai‚Ä¶ https://t.co/fhUtb3kSlx,79,CBSNews
0.0,Thu Jun 07 22:59:37 +0000 2018,0.0,1.0,0.0,"""I can't get over these phones!"" After more than 20 years behind bars, today was Alice Marie Johnson's first full d‚Ä¶ https://t.co/b2NBclFkKi",80,CBSNews
-0.34,Thu Jun 07 22:50:21 +0000 2018,0.118,0.882,0.0,"The head of the Environmental Protection Agency continues to draw fire tonight, and not just from Democrats. 

Chip‚Ä¶ https://t.co/r3rqJFgWHR",81,CBSNews
-0.7184,Thu Jun 07 22:48:25 +0000 2018,0.231,0.769,0.0,"The CDC put out an alarming report on suicide. Nearly 45,000 Americans took their lives in 2016. The issue is recei‚Ä¶ https://t.co/zp82uviMWx",82,CBSNews
0.0,Thu Jun 07 22:45:27 +0000 2018,0.0,1.0,0.0,"Police in Mesa, Arizona, released body camera video showing what led four officers to beat a man into submission. T‚Ä¶ https://t.co/9IsmcpfBSD",83,CBSNews
0.0,Thu Jun 07 22:26:34 +0000 2018,0.0,1.0,0.0,"RT @CBSEveningNews: COMING UP

With the historic summit just days away, how Pres. Trump is preparing for his meeting with Kim Jong-un

Plus‚Ä¶",84,CBSNews
0.0,Thu Jun 07 22:14:37 +0000 2018,0.0,1.0,0.0,"New government data says vaping held steady last year in high school students and declined in middle schoolers, but‚Ä¶ https://t.co/VkefANKHbl",85,CBSNews
0.3612,Thu Jun 07 22:00:22 +0000 2018,0.0,0.894,0.106,"With a smile on her face, cap on her head and a heart drawn on her bandages, Italia McAllister walked at her kinder‚Ä¶ https://t.co/2IOqUIYlzx",86,CBSNews
-0.4404,Thu Jun 07 21:44:39 +0000 2018,0.146,0.854,0.0,"After being denied access to federal shelter, democratic senator demands answers from the Office of Refugee Resettl‚Ä¶ https://t.co/sCt5ggfZ1U",87,CBSNews
0.0,Thu Jun 07 21:31:22 +0000 2018,0.0,1.0,0.0,Today would have been music icon #Prince's 60th birthday üíú https://t.co/CVntznZVTA,88,CBSNews
-0.2263,Thu Jun 07 21:15:35 +0000 2018,0.137,0.863,0.0,NASA's Curiosity rover finds potential building blocks of life on Mars https://t.co/zg1qFjGYjA https://t.co/R6p8KEMiBi,89,CBSNews
0.128,Thu Jun 07 21:04:35 +0000 2018,0.06,0.854,0.085,"WATCH: SUV backs up on highway to escape traffic, then keeps going and going and going in reverse‚Ä¶ https://t.co/0zT3E49TXk",90,CBSNews
0.0,Thu Jun 07 20:52:47 +0000 2018,0.0,1.0,0.0,"RT @CBSSunday: COMING UP THIS SUNDAY 

Jim Parsons says it has taken him time to settle in behind the camera as a producer on his new film‚Ä¶",91,CBSNews
0.0,Thu Jun 07 20:49:40 +0000 2018,0.0,1.0,0.0,"One hour, 58 minutes, 7 seconds: That's all it took to for this duo to speed up one of climbing's most storied rout‚Ä¶ https://t.co/0k1S3BgdfP",92,CBSNews
-0.8271,Thu Jun 07 20:34:41 +0000 2018,0.469,0.531,0.0,"A white restaurant owner used ""violence, threats, isolation and intimidation"" to compel a mentally challenged black‚Ä¶ https://t.co/kGDZYxRejP",93,CBSNews
0.1027,Thu Jun 07 20:19:38 +0000 2018,0.105,0.773,0.123,"Bryan Colangelo resigns as Philadelphia 76ers president after probe of Twitter accounts states that he engaged in ""‚Ä¶ https://t.co/speVJNsWcJ",94,CBSNews
0.2263,Thu Jun 07 20:03:02 +0000 2018,0.0,0.913,0.087,"Sec. Pompeo on Kim: ""He has indicated to me personally that he is prepared to denuclearize, that he understands tha‚Ä¶ https://t.co/7U0I1dmFJ7",95,CBSNews
0.0,Thu Jun 07 20:01:10 +0000 2018,0.0,1.0,0.0,"""Rudy [Giuliani] doesn't speak for the administration when it comes to this negotiation and this set of issues,"" Se‚Ä¶ https://t.co/MVRgQkZ2qA",96,CBSNews
0.796,Thu Jun 07 19:59:42 +0000 2018,0.0,0.712,0.288,"Q: Does Sec. Pompeo trust Kim? 
Pompeo: ""He is very capable of articulating the things that he is prepared to do, p‚Ä¶ https://t.co/Pw0E08aihV",97,CBSNews
0.0,Thu Jun 07 19:56:08 +0000 2018,0.0,1.0,0.0,"Sec. Pompeo: ""The fact that our two leaders are coming to the table shows the two sides are very serious...our effo‚Ä¶ https://t.co/N6lpyOympM",98,CBSNews
0.0,Thu Jun 07 19:53:45 +0000 2018,0.0,1.0,0.0,"WATCH LIVE: Sec. of State Mike Pompeo delivers briefing ahead of Pres. Trump's summit in Singapore, where he will m‚Ä¶ https://t.co/mWRmqrFoK8",99,CBSNews
0.0,Fri Jun 08 14:31:38 +0000 2018,0.0,1.0,0.0,"Before taking off for the G-7 summit, President @realDonaldTrump said he was looking forward to ""straightening out‚Ä¶ https://t.co/C0iA38os32",0,FoxNews
-0.296,Fri Jun 08 14:22:53 +0000 2018,0.136,0.864,0.0,Hannity: Mika Brzezinski Claims Trump's Main Complaint Is 'He Can't Watch Porn in WH' https://t.co/42ZYisOvXb,1,FoxNews
0.0,Fri Jun 08 14:07:54 +0000 2018,0.0,1.0,0.0,Chicago family demands answers after police handcuff 10-year-old boy https://t.co/kPzjOb5Vjj,2,FoxNews
0.0,Fri Jun 08 14:00:01 +0000 2018,0.0,1.0,0.0,"Beginning Monday, ‚ÄòAmerica‚Äôs Newsroom‚Äô with @BillHemmer and @SandraSmithFox is three hours. Tune in to Fox News Cha‚Ä¶ https://t.co/A9qcJJHQtZ",3,FoxNews
-0.6597,Fri Jun 08 13:48:32 +0000 2018,0.265,0.735,0.0,Indiana high school teacher claims he was forced to resign because of transgender policy (via @CalebParke) https://t.co/30XAAsdoMf,4,FoxNews
0.0,Fri Jun 08 13:43:58 +0000 2018,0.0,1.0,0.0,What is the G7 summit? https://t.co/9czFhMk2MH,5,FoxNews
-0.6486,Fri Jun 08 13:34:21 +0000 2018,0.264,0.736,0.0,"Anthony Bourdain, CNN host and celebrity chef, dead: A look at his career https://t.co/qgessu49v8",6,FoxNews
0.738,Fri Jun 08 13:15:33 +0000 2018,0.0,0.72,0.28,".@POTUS: ‚ÄúYou can not leak classified information. At the same time, we need freedom of the press.‚Äù https://t.co/DF8GvABvLi",7,FoxNews
0.4404,Fri Jun 08 13:12:03 +0000 2018,0.0,0.879,0.121,"RT @FoxBusiness: .@POTUS: ""If we're unable to make a deal, we'll terminate NAFTA. We'll have a better deal. If we're unable to make a deal‚Ä¶",8,FoxNews
0.4927,Fri Jun 08 13:09:10 +0000 2018,0.0,0.79,0.21,"RT @FoxBusiness: .@POTUS on Rudy Giuliani: ""Rudy is doing a very good job."" https://t.co/KVwOZCXgoN",9,FoxNews
0.1901,Fri Jun 08 13:08:55 +0000 2018,0.0,0.935,0.065,"RT @FoxBusiness: .@POTUS on G7: ""Russia should be in this meeting. Whether you like it or not and it may not be politically correct, but we‚Ä¶",10,FoxNews
0.0,Fri Jun 08 13:02:25 +0000 2018,0.0,1.0,0.0,.@POTUS: ‚ÄúFirst Lady is great.‚Äù https://t.co/oVepfphH9S,11,FoxNews
0.5859,Fri Jun 08 12:58:35 +0000 2018,0.0,0.789,0.211,"RT @FoxBusiness: .@POTUS on G7: ""All of these countries have been taking advantage of the United States on trade."" https://t.co/JfBGhIVv4B",12,FoxNews
0.7311,Fri Jun 08 12:58:07 +0000 2018,0.0,0.641,0.359,".@POTUS: ‚ÄúI love Canada, but they treat us very unfairly on trade.‚Äù https://t.co/XKam2HRl4W",13,FoxNews
0.6249,Fri Jun 08 12:56:45 +0000 2018,0.0,0.785,0.215,.@POTUS: ‚ÄúI thought Kim Kardashian was great because she brought Alice to my attention.‚Äù https://t.co/i480B6s5It https://t.co/uPZLH6fXXy,14,FoxNews
0.6249,Fri Jun 08 12:53:24 +0000 2018,0.0,0.76,0.24,.@POTUS: ‚ÄúScott Pruitt is doing a great job within the walls of the EPA.‚Äù https://t.co/PT1UDvOx7f,15,FoxNews
0.0,Fri Jun 08 12:52:01 +0000 2018,0.0,1.0,0.0,JUST IN: @POTUS calls for Russia to be reinstated to G7 https://t.co/9PYdZSoAah,16,FoxNews
0.1655,Fri Jun 08 12:51:27 +0000 2018,0.0,0.93,0.07,".@POTUS: ‚ÄúI do have an absolute right to pardon myself, but I‚Äôll never have to do it because I didn‚Äôt do anything w‚Ä¶ https://t.co/hFXHmXAdaW",17,FoxNews
-0.3818,Fri Jun 08 12:51:12 +0000 2018,0.148,0.852,0.0,"Trump heads for G7 battle with Canada, Euro leaders over 'unfair' trade deals - via @brookefoxnews 
https://t.co/nvDeobFCgm",18,FoxNews
-0.296,Fri Jun 08 12:49:47 +0000 2018,0.239,0.761,0.0,"RT @FoxBusiness: .@POTUS: ""There's been no collusion."" https://t.co/5rI48TQY49",19,FoxNews
0.4019,Fri Jun 08 12:47:28 +0000 2018,0.0,0.787,0.213,Breaking News: @POTUS floats possibility of pardoning Muhammad Ali https://t.co/d2MkFVibkP https://t.co/anNMox6z9Y,20,FoxNews
-0.4767,Fri Jun 08 12:42:59 +0000 2018,0.171,0.829,0.0,"RT @FoxBusiness: .@POTUS on G7 summit: ""We're going to deal with the unfair trade practices."" https://t.co/UHEzTGPkOT",21,FoxNews
0.0,Fri Jun 08 12:42:54 +0000 2018,0.0,1.0,0.0,"RT @FoxBusiness: .@POTUS on G7: ""We should have Russia at the negotiating table."" https://t.co/286X9M3ID2",22,FoxNews
0.4019,Fri Jun 08 12:41:04 +0000 2018,0.0,0.722,0.278,Trump floats possibility of pardoning Muhammad Ali https://t.co/X9AFnYGLtX,23,FoxNews
0.0,Fri Jun 08 12:36:21 +0000 2018,0.0,1.0,0.0,.@POTUS arriving at Joint Base Andrews https://t.co/bJ6Q0UcuI2,24,FoxNews
0.3818,Fri Jun 08 12:35:00 +0000 2018,0.0,0.809,0.191,Police officer helps turtle cross road in torrential downpour (via @JaninePuhak) https://t.co/inevjzEx9V,25,FoxNews
0.0,Fri Jun 08 12:34:39 +0000 2018,0.0,1.0,0.0,"RT @FoxBusiness: .@POTUS on G7: ""We are going to do very well."" https://t.co/cKiUIo6uNj",26,FoxNews
0.0,Fri Jun 08 12:33:02 +0000 2018,0.0,1.0,0.0,.@POTUS departs Joint Base Andrews en route to Canada. https://t.co/DzNiybIpQr,27,FoxNews
0.8481,Fri Jun 08 12:30:00 +0000 2018,0.0,0.649,0.351,"OPINION: Seattle cracks down on renters, free speech ‚Äì and common sense. Good luck trying to rent an apartment (via‚Ä¶ https://t.co/DKexlASCB9",28,FoxNews
0.3182,Fri Jun 08 12:29:38 +0000 2018,0.0,0.723,0.277,.@POTUS may pardon Muhammad Ali @foxandfriends https://t.co/dLwC7AmLzG,29,FoxNews
-0.6705,Fri Jun 08 12:23:14 +0000 2018,0.36,0.64,0.0,"Suicide rates on rise in US, @CDCgov reports https://t.co/vFVEZEWQQW",30,FoxNews
-0.7579,Fri Jun 08 12:19:43 +0000 2018,0.481,0.519,0.0,Anthony Bourdain's death: Celebrity chefs 'in complete shock' https://t.co/hu5WU4h99N,31,FoxNews
-0.3612,Fri Jun 08 12:06:19 +0000 2018,0.2,0.8,0.0,Dr. Eric Mueller's tips for fighting pet obesity (via @JaninePuhak) https://t.co/VPnIhViHhF,32,FoxNews
-0.3182,Fri Jun 08 12:04:18 +0000 2018,0.187,0.813,0.0,Lawmakers hold hearing on treating burn pit victims https://t.co/Kff0H1pWdN @FoxFriendsFirst https://t.co/fjvXeAm9B1,33,FoxNews
-0.5413,Fri Jun 08 12:00:01 +0000 2018,0.219,0.781,0.0,".@pnjaban: ""[The Democrats have] completely lost their moral compass and they've forgotten about the men and women‚Ä¶ https://t.co/RoWsKhBbHD",34,FoxNews
0.0,Fri Jun 08 11:58:56 +0000 2018,0.0,1.0,0.0,Final preparations underway ahead of Singapore summit @FoxFriendsFirst https://t.co/Ei3S8EaAkp,35,FoxNews
0.765,Fri Jun 08 11:56:14 +0000 2018,0.0,0.68,0.32,OPINION: Trump prepares for North Korea summit as a great performer -- like Reagan (via @FoxNewsOpinion) https://t.co/qdBpcdtgkm,36,FoxNews
0.0,Fri Jun 08 11:46:19 +0000 2018,0.0,1.0,0.0,.@POTUS flying to Canada for G7 summit https://t.co/kthnrspTQC https://t.co/U1hldfyukz,37,FoxNews
0.4843,Fri Jun 08 11:45:01 +0000 2018,0.0,0.813,0.187,"""He gets an A for effort."" This delivery person didn't miss a beat when he noticed the doormat had special instruct‚Ä¶ https://t.co/8fdpC3r5hY",38,FoxNews
0.0,Fri Jun 08 11:41:42 +0000 2018,0.0,1.0,0.0,Awaiting @POTUS departure https://t.co/V3bltOQvvo,39,FoxNews
-0.5574,Fri Jun 08 11:39:11 +0000 2018,0.184,0.816,0.0,"Celebrity chef Anthony Bourdain died at the age of 61, CNN reported early Friday morning. https://t.co/EBPYQWTrgb https://t.co/8ccZNjDfdz",40,FoxNews
0.0,Fri Jun 08 11:31:00 +0000 2018,0.0,1.0,0.0,".@RevJJackson: ""[@POTUS] used the Philadelphia @Eagles, who in fact did not take a knee last year, as a basis to tu‚Ä¶ https://t.co/SB4Xjnx4Bt",41,FoxNews
-0.5574,Fri Jun 08 11:28:21 +0000 2018,0.175,0.825,0.0,"Breaking News: Celebrity chef Anthony Bourdain died at the age of 61, CNN reported early Friday morning.‚Ä¶ https://t.co/a7tVousvy3",42,FoxNews
-0.5106,Fri Jun 08 11:15:00 +0000 2018,0.13,0.87,0.0,"Alice Johnson on prison release: ""The only way that I was able to make it through that time, and this is the truth,‚Ä¶ https://t.co/Vor8FAUvyQ",43,FoxNews
-0.6249,Fri Jun 08 10:58:00 +0000 2018,0.319,0.681,0.0,"Trump accuses Trudeau, Macron of imposing 'massive' economic pressures on US ahead of G7 summit https://t.co/pmF9D6OBvB",44,FoxNews
-0.2263,Fri Jun 08 10:44:00 +0000 2018,0.147,0.853,0.0,Illegal-immigrant apprehensions at the border spiked in May compared to 2017. https://t.co/Y3WsqrADuL,45,FoxNews
-0.4215,Fri Jun 08 10:30:00 +0000 2018,0.259,0.741,0.0,An impromptu ‚Äúbullfight‚Äù broke out in a California neighborhood. https://t.co/tJk09xYpBK,46,FoxNews
-0.5719,Fri Jun 08 10:13:00 +0000 2018,0.209,0.791,0.0,Tentative GOP deal on visas for 'Dreamers' throws talks on immigration bill into chaos.  https://t.co/QkOynzEOuV,47,FoxNews
0.0,Fri Jun 08 10:00:01 +0000 2018,0.0,1.0,0.0,TODAY: @mercyme performs LIVE as part of the @foxandfriends' All-American Summer Concert Series. Tune in to Fox New‚Ä¶ https://t.co/yn2eK9Kflj,48,FoxNews
0.765,Fri Jun 08 09:58:00 +0000 2018,0.0,0.663,0.337,"On @dailybriefing, @SenWarren told @DanaPerino she hopes President @realDonaldTrump has a successful meeting with N‚Ä¶ https://t.co/5R3NdnurpA",49,FoxNews
-0.6249,Fri Jun 08 09:44:00 +0000 2018,0.254,0.746,0.0,'He's a Domestic Enemy': Jailed Sailor Considering Lawsuit Against Obama Blasts Comey for Making Clinton 'Above the‚Ä¶ https://t.co/EhO3jgQKji,50,FoxNews
-0.4939,Fri Jun 08 09:14:00 +0000 2018,0.242,0.758,0.0,Authorities find stolen van carrying more than a dozen show dogs. https://t.co/b47dY2dSsz,51,FoxNews
0.0,Fri Jun 08 09:02:00 +0000 2018,0.0,1.0,0.0,"During a bilateral press conference with Japanese Prime Minister @AbeShinzo Thursday, President @realDonaldTrump di‚Ä¶ https://t.co/aNsHJdaWzA",52,FoxNews
0.1012,Fri Jun 08 08:43:00 +0000 2018,0.113,0.755,0.132,.@POTUS: ‚ÄúThere has never been a better time to invest in the United States‚Ä¶Our economy is absolutely booming.‚Äù https://t.co/QUvXaknLTu,53,FoxNews
0.7978,Fri Jun 08 08:30:00 +0000 2018,0.0,0.716,0.284,".@POTUS on Otto Warmbier: ""He has not died in vain...So to the Warmbier family, our love and our respect."" https://t.co/cWPd0kxnU6",54,FoxNews
-0.2732,Fri Jun 08 08:16:00 +0000 2018,0.104,0.896,0.0,"Kristian Saucier on suing Obama administration: ""We shouldn't be subjected to a separate set of laws than Hillary C‚Ä¶ https://t.co/7vBfUdedeN",55,FoxNews
0.0,Fri Jun 08 07:55:01 +0000 2018,0.0,1.0,0.0,"Police seek customers who smoked weed, walked out on $420 restaurant bill. https://t.co/zmgn21nbJK",56,FoxNews
0.0,Fri Jun 08 07:40:00 +0000 2018,0.0,1.0,0.0,"On @AmericaNewsroom, RNC spokesperson @kayleighmcenany called out feminists for not defending @FLOTUS Melania Trump‚Ä¶ https://t.co/CYzf5CfCRu",57,FoxNews
-0.8957,Fri Jun 08 07:35:00 +0000 2018,0.495,0.505,0.0,"Illegal immigrant found guilty of killing a Kansas mom, kidnapping her 6-day old baby. https://t.co/R34a5h57Ds",58,FoxNews
0.0,Fri Jun 08 07:20:00 +0000 2018,0.0,1.0,0.0,Giant gators surround couple during 'snappy' proposal at Florida theme park. https://t.co/ISXeCN4qsv,59,FoxNews
-0.8176,Fri Jun 08 07:03:00 +0000 2018,0.385,0.615,0.0,Woman pleads guilty to making up rape allegations against two college football players. https://t.co/nbVXSs8DEY,60,FoxNews
0.3612,Fri Jun 08 06:47:00 +0000 2018,0.0,0.815,0.185,Texas police thank students for botched toilet paper and eggs prank. https://t.co/HwXvjfw264,61,FoxNews
-0.1531,Fri Jun 08 06:27:00 +0000 2018,0.181,0.714,0.105,Lawmakers demand answers at hearing over how VA is helping tens of thousands of burn pit victims. https://t.co/1DQxYtM1j6,62,FoxNews
-0.5574,Fri Jun 08 06:15:00 +0000 2018,0.275,0.634,0.092,California man gets death sentence in torture-killing of 8-year-old boy. https://t.co/eRhyZVYNrH,63,FoxNews
0.4678,Fri Jun 08 06:02:00 +0000 2018,0.0,0.824,0.176,".@SenWarren: ""I hope to see the president succeed in North Korea, but that means getting rid of those nuclear weapo‚Ä¶ https://t.co/kcH65GyjhA",64,FoxNews
0.7845,Fri Jun 08 05:45:01 +0000 2018,0.0,0.582,0.418,".@IngrahamAngle: ""Voters are feeling the improvement in the economy, and they're rewarding President‚Ä¶ https://t.co/MfU2qb0jlg",65,FoxNews
-0.6705,Fri Jun 08 05:29:00 +0000 2018,0.243,0.757,0.0,"ATF agent shot outside Chicago during controlled drug buy, another person killed, official says. https://t.co/YHkFUHcjXU",66,FoxNews
0.7717,Fri Jun 08 05:14:00 +0000 2018,0.0,0.661,0.339,"Alice Johnson on @POTUS granting her clemency: ""I promise you President @realDonaldTrump, I will make you proud tha‚Ä¶ https://t.co/mYcY3KWgNM",67,FoxNews
0.3182,Fri Jun 08 05:02:00 +0000 2018,0.0,0.874,0.126,A Nevada homeowners association has apologized to one of its residents after telling him to remove a large‚Ä¶ https://t.co/cZQWJTsZY3,68,FoxNews
0.0,Fri Jun 08 04:45:00 +0000 2018,0.0,1.0,0.0,DOJ watchdog sets date for release of long-awaited review of @HillaryClinton probe. https://t.co/OiJXEiF0Qi,69,FoxNews
-0.8271,Fri Jun 08 04:30:00 +0000 2018,0.492,0.374,0.134,Jonestown survivor recalls cult's mass suicide: 'This was murder' https://t.co/SbTPheyder,70,FoxNews
0.7506,Fri Jun 08 04:15:00 +0000 2018,0.0,0.701,0.299,".@POTUS has record approval on the economy, confidence with North Korea negotiations, Fox News poll shows. https://t.co/Cns0Ke7x3E",71,FoxNews
0.4843,Fri Jun 08 04:00:00 +0000 2018,0.0,0.813,0.187,"""He gets an A for effort."" This delivery person didn't miss a beat when he noticed the doormat had special instruct‚Ä¶ https://t.co/gcsOhtUjve",72,FoxNews
0.0,Fri Jun 08 03:45:00 +0000 2018,0.0,1.0,0.0,President @realDonaldTrump calls for probe into claims the Obama administration tried to give Iran access to U.S. b‚Ä¶ https://t.co/VaQUgEVTdG,73,FoxNews
0.2023,Fri Jun 08 03:31:20 +0000 2018,0.152,0.657,0.192,"Washington @Capitals win their first #StanleyCup title, beating Vegas @GoldenKnights 4-3 in Game 5.

https://t.co/wqwlZaz66h",74,FoxNews
-0.5106,Fri Jun 08 03:30:00 +0000 2018,0.191,0.809,0.0,Silicon Valley giants such as @facebook and @amazon empower far-left Southern Poverty Law Center. https://t.co/TXPt97zbfS,75,FoxNews
0.8038,Fri Jun 08 03:25:08 +0000 2018,0.0,0.702,0.298,"STANLEY CUP CHAMPS: The Washington @Capitals have won their first Stanley Cup, pulling out a 4-3 victory Thursday a‚Ä¶ https://t.co/RH5g4tVhc4",76,FoxNews
-0.4588,Fri Jun 08 03:15:01 +0000 2018,0.294,0.588,0.118,".@BillClinton says 'I regret' missed chance to 'end' North Korea missile program
https://t.co/UCzcSzqwab",77,FoxNews
-0.4939,Fri Jun 08 03:00:00 +0000 2018,0.262,0.738,0.0,".@KimKardashian advocates for Alice Johnson, others who are jailed https://t.co/b6lyAwNSqA",78,FoxNews
0.3612,Fri Jun 08 02:53:33 +0000 2018,0.0,0.815,0.185,Texas police thank students for botched toilet paper and eggs prank. https://t.co/HwXvjfw264,79,FoxNews
0.0,Fri Jun 08 02:44:53 +0000 2018,0.0,1.0,0.0,".@RevJJackson: ""[@POTUS] used the Philadelphia @Eagles, who in fact did not take a knee last year, as a basis to tu‚Ä¶ https://t.co/xiRllXymT9",80,FoxNews
-0.2732,Fri Jun 08 02:41:32 +0000 2018,0.123,0.877,0.0,BREAKING NEWS: Senate Intel ex-security director indicted on false-statements charges in probe of possible leaks. https://t.co/HAMGYm6DCD,81,FoxNews
0.4404,Fri Jun 08 02:37:14 +0000 2018,0.0,0.828,0.172,Terrell Owens makes the unprecedented choice not to attend Hall of Fame induction ceremony. https://t.co/JLhQ4dbWra,82,FoxNews
0.6908,Fri Jun 08 02:28:42 +0000 2018,0.0,0.661,0.339,".@mschlapp: ""The American people are practical. They want jobs, they want economic prospects to improve, and they w‚Ä¶ https://t.co/owMHgfab83",83,FoxNews
0.0,Fri Jun 08 02:26:35 +0000 2018,0.0,1.0,0.0,'Sons of Anarchy' actor Alan O'Neill dies at 47 https://t.co/4fJ6XyPVwa,84,FoxNews
0.5267,Fri Jun 08 02:21:21 +0000 2018,0.0,0.746,0.254,Justice Department looking into possible leaks from former Senate aide. https://t.co/U3vgZ722Rq,85,FoxNews
-0.5413,Fri Jun 08 02:17:17 +0000 2018,0.219,0.781,0.0,".@pnjaban: ""[The Democrats have] completely lost their moral compass and they've forgotten about the men and women‚Ä¶ https://t.co/hXbA2dzfwS",86,FoxNews
0.7845,Fri Jun 08 02:08:43 +0000 2018,0.0,0.582,0.418,".@IngrahamAngle: ""Voters are feeling the improvement in the economy, and they're rewarding President‚Ä¶ https://t.co/cS16RBoTmz",87,FoxNews
0.0,Fri Jun 08 01:58:12 +0000 2018,0.0,1.0,0.0,'Tell Me Why It's Not Spying': Tucker Debates Bush Ethics Lawyer over FBI Informant's Trump Campaign Links. https://t.co/mHGRB7C7dY,88,FoxNews
-0.5574,Fri Jun 08 01:50:57 +0000 2018,0.275,0.634,0.092,California man gets death sentence in torture-killing of 8-year-old boy https://t.co/d3HbAbRSar,89,FoxNews
0.1779,Fri Jun 08 01:47:58 +0000 2018,0.136,0.68,0.184,House approves bill to cancel $15B in spending at Trump's request https://t.co/0ug4CNyZvV,90,FoxNews
0.1655,Fri Jun 08 01:39:03 +0000 2018,0.0,0.895,0.105,"OPINION: Trump has the power to pardon himself, but that could get him impeached https://t.co/zelRH2tGDZ",91,FoxNews
-0.5423,Fri Jun 08 01:30:54 +0000 2018,0.241,0.759,0.0,Patriots' Julian Edelman facing 4-game suspension for violating NFL's PED policy https://t.co/kRd3fSW0kR,92,FoxNews
0.6124,Fri Jun 08 01:27:00 +0000 2018,0.079,0.654,0.266,ABC exec's 'Roseanne' praise creates awkwardness at network after magazine prints quotes from before show's cancell‚Ä¶ https://t.co/rRXDtRLfj9,93,FoxNews
0.5719,Fri Jun 08 01:21:13 +0000 2018,0.0,0.837,0.163,"""I'm rowing for Charli."" Captain Hunter Barnhill, 30, was overjoyed to meet Charli Butler, 9, during the 2018 DoD‚Ä¶ https://t.co/nrH8Iz0oC5",94,FoxNews
-0.6249,Fri Jun 08 01:16:28 +0000 2018,0.421,0.579,0.0,Cattle battle: Bulls caught fighting in California neighborhood https://t.co/CVWpAtsmef,95,FoxNews
0.7003,Fri Jun 08 01:11:25 +0000 2018,0.0,0.721,0.279,"President @realDonaldTrump: ""I hope the upcoming meeting in Singapore represents the beginning of a bright new futu‚Ä¶ https://t.co/Y9WXCjFpnw",96,FoxNews
-0.5719,Fri Jun 08 00:57:16 +0000 2018,0.209,0.791,0.0,Tentative GOP deal on visas for 'Dreamers' throws talks on immigration bill into chaos. https://t.co/QkOynzndDn,97,FoxNews
0.0,Fri Jun 08 00:48:19 +0000 2018,0.0,1.0,0.0,"Dozens of pencils, 7 tweezers found inside inmate's 'birth canal,' Georgia sheriff's office says. https://t.co/JV0hhBBVCJ",98,FoxNews
0.5106,Fri Jun 08 00:43:53 +0000 2018,0.0,0.699,0.301,".@JetBlue changing emotional support animal policy, adding requirements for additional documentation. https://t.co/mrXulYj0Yj",99,FoxNews
-0.34,Fri Jun 08 14:31:04 +0000 2018,0.366,0.407,0.227,What to do when a loved one is severely depressed https://t.co/3Qd32EdtdY,0,NYTimes
-0.8176,Fri Jun 08 14:16:05 +0000 2018,0.333,0.667,0.0,"At least 35 people were killed when Russian warplanes attacked a rebel-held village in northwestern Syria, a Syrian‚Ä¶ https://t.co/J2x1F10SMO",1,NYTimes
0.3612,Fri Jun 08 14:06:05 +0000 2018,0.0,0.884,0.116,"""It's a bit like therapy. People who are marginalized or not cisgender are doing it because it's urgent,"" the write‚Ä¶ https://t.co/8AzwXDWuNa",2,NYTimes
0.0,Fri Jun 08 13:45:09 +0000 2018,0.0,1.0,0.0,"""Quick reminder: The fallout from this meeting could be actual fallout."" Stephen Colbert wants Trump to prepare mor‚Ä¶ https://t.co/ss2rnFWFXb",3,NYTimes
-0.6705,Fri Jun 08 13:31:07 +0000 2018,0.2,0.8,0.0,The Israeli military published a video aimed at showing that a Palestinian medic killed by Israeli forces was not t‚Ä¶ https://t.co/SDbAs84ueG,4,NYTimes
0.0258,Fri Jun 08 13:21:02 +0000 2018,0.0,0.942,0.058,"Two journalists, who helped lead a project to which prosecutors say Paul Manafort funneled more than $2 million fro‚Ä¶ https://t.co/JCzKqPc4GE",5,NYTimes
-0.4767,Fri Jun 08 13:11:04 +0000 2018,0.154,0.846,0.0,"The president said he looked forward to addressing ""unfair Trade Deals"" with Britain, Canada, France, Germany, Ital‚Ä¶ https://t.co/xVSjYdcTpH",6,NYTimes
0.0,Fri Jun 08 13:00:20 +0000 2018,0.0,1.0,0.0,Morning¬†Briefing: Here's what you need to know to start your day https://t.co/xGQLRwWfmB https://t.co/Ex6BRUWjhW,7,NYTimes
-0.5423,Fri Jun 08 12:50:09 +0000 2018,0.2,0.8,0.0,President Trump said that his decision to abandon the Iran deal had already curbed Iran's aggressive behavior. He c‚Ä¶ https://t.co/gmY6FpgKEU,8,NYTimes
0.3182,Fri Jun 08 12:43:47 +0000 2018,0.0,0.892,0.108,"Breaking News: President Trump said he supported readmitting Russia to the Group of 7, putting him further at odds‚Ä¶ https://t.co/mp9fKpqN9P",9,NYTimes
0.0,Fri Jun 08 12:40:00 +0000 2018,0.0,1.0,0.0,"For the past several years, Anthony Bourdain hosted the show ""Parts Unknown"" on CNN and was working on an episode i‚Ä¶ https://t.co/0KPrjoIdSx",10,NYTimes
-0.7351,Fri Jun 08 12:31:05 +0000 2018,0.256,0.744,0.0,"In the hours before the G7, President Trump and the other leaders waged a nasty Twitter fight over trade, ditching‚Ä¶ https://t.co/R9QgkMRDsp",11,NYTimes
0.0,Fri Jun 08 12:20:09 +0000 2018,0.0,1.0,0.0,A shopping mall in China introduced pedestrian lanes for walkers who are glued to their phones https://t.co/Ny75iiDoLX,12,NYTimes
0.5267,Fri Jun 08 12:11:05 +0000 2018,0.0,0.825,0.175,"Your daily @DealBook Briefing:

‚Ä¢ Verizon names its next CEO.¬†

‚Ä¢ The Justice Department‚Äôs antitrust chief weighs i‚Ä¶ https://t.co/HPwueTzstC",13,NYTimes
-0.4019,Fri Jun 08 12:01:28 +0000 2018,0.137,0.863,0.0,The Twitter habits of a sports executive‚Äôs wife have caused him to lose his job in inglorious fashion https://t.co/hbIzaj7SC3,14,NYTimes
-0.8555,Fri Jun 08 11:45:03 +0000 2018,0.307,0.693,0.0,"A year after the death of Freddie Gray, a teenager known as Nook was shot and killed by a police officer in Baltimo‚Ä¶ https://t.co/SsbHrVzjBn",15,NYTimes
0.0,Fri Jun 08 11:42:32 +0000 2018,0.0,1.0,0.0,"Breaking News: Anthony Bourdain, whose memoir about the dark corners of New York‚Äôs restaurants started a TV career,‚Ä¶ https://t.co/x9oLeqDwjZ",16,NYTimes
0.0,Fri Jun 08 11:30:09 +0000 2018,0.0,1.0,0.0,"Justin Trudeau said at a news conference with Emmanuel Macron that ""we are going to defend our industries and our w‚Ä¶ https://t.co/RtA9at0bcZ",17,NYTimes
-0.6705,Fri Jun 08 11:15:10 +0000 2018,0.176,0.824,0.0,The relatives of a Baltimore teenager think they know the name of the police officer who killed him. But when his m‚Ä¶ https://t.co/sNMkreeTFr,18,NYTimes
-0.4588,Fri Jun 08 11:00:13 +0000 2018,0.143,0.857,0.0,"Bullhorns, banners, drones and spray paint have all been banned around the resort island where President Trump and‚Ä¶ https://t.co/j7t3zXCmmQ",19,NYTimes
-0.3182,Fri Jun 08 10:44:04 +0000 2018,0.103,0.897,0.0,"Matt Lauer, who lost his job over sexual misconduct allegations, will be allowed to keep his ranch in New Zealand,‚Ä¶ https://t.co/m7iKk4768X",20,NYTimes
0.0,Fri Jun 08 10:31:05 +0000 2018,0.0,1.0,0.0,"""Iran is not the same country that it was a few months ago,"" President Trump said https://t.co/xvVwjJjHdI",21,NYTimes
-0.2732,Fri Jun 08 10:14:06 +0000 2018,0.104,0.896,0.0,"A dermatologist who can be seen on video dancing to the hip-hop song ""Cut It"" while performing a surgical procedure‚Ä¶ https://t.co/HkbDalUxua",22,NYTimes
0.0,Fri Jun 08 10:00:11 +0000 2018,0.0,1.0,0.0,Morning¬†Briefing: Here's what you need to know to start your day https://t.co/JQo2O2Pkc3 https://t.co/Iv7TtOAWnx,23,NYTimes
0.296,Fri Jun 08 09:46:01 +0000 2018,0.0,0.891,0.109,"In Opinion

Op-Ed contributor @kenbensinger writes: Vladimir Putin saw hosting the World Cup as a vital way to proj‚Ä¶ https://t.co/brs1japTBR",24,NYTimes
-0.0772,Fri Jun 08 09:30:02 +0000 2018,0.067,0.933,0.0,"After heavy lobbying by the chemical industry, the Trump administration is scaling back the way it conducts safety‚Ä¶ https://t.co/QoJHNre15B",25,NYTimes
0.6986,Fri Jun 08 09:16:02 +0000 2018,0.0,0.757,0.243,"""The American President may not mind being isolated, but neither do we mind signing a 6 country agreement if need b‚Ä¶ https://t.co/AtXCtuRZJ6",26,NYTimes
0.6486,Fri Jun 08 08:59:05 +0000 2018,0.0,0.762,0.238,"The Justice Department secretly seized years' worth of a New York Times reporter‚Äôs phone and email records, its fir‚Ä¶ https://t.co/K6mfvUoIIx",27,NYTimes
-0.4767,Fri Jun 08 08:44:06 +0000 2018,0.272,0.728,0.0,President Trump exaggerated trade deficit with the European Union by $50 billion https://t.co/68PcSAbFrs,28,NYTimes
-0.8655,Fri Jun 08 08:44:06 +0000 2018,0.386,0.614,0.0,"""It is a tremendously difficult disease to suffer with alone and unfortunately in the U.S. we don't talk about it e‚Ä¶ https://t.co/MTtCNULsL7",29,NYTimes
0.5859,Fri Jun 08 08:31:05 +0000 2018,0.156,0.563,0.281,"The deal to save China's ZTE puts the United States in an awkward position as it punishes allies like Canada, Mexic‚Ä¶ https://t.co/jWDb8kTW3Y",30,NYTimes
0.5574,Fri Jun 08 08:15:07 +0000 2018,0.0,0.833,0.167,RT @nytimesworld: Britain's Supreme Court voted on technical grounds to dismiss a bid to overturn Northern Ireland restrictive abortion law‚Ä¶,31,NYTimes
-0.2263,Fri Jun 08 08:02:04 +0000 2018,0.087,0.913,0.0,"In the largest protests in Jordan since the Arab Spring in 2011, thousands took to the streets against the divisive‚Ä¶ https://t.co/Ab4yizEppw",32,NYTimes
0.0,Fri Jun 08 07:47:03 +0000 2018,0.0,1.0,0.0,We found a trove of secret documents after Mosul fell. It led us to the mother of an ISIS official. https://t.co/Czw4Zc0YHh,33,NYTimes
0.0,Fri Jun 08 07:32:02 +0000 2018,0.0,1.0,0.0,"A 4-ingredient, 5-star roast chicken recipe https://t.co/vyd1ObR00J",34,NYTimes
0.0,Fri Jun 08 07:17:02 +0000 2018,0.0,1.0,0.0,"RT @nytopinion: Years before his Trump-Russia dossier, the British spy Christopher Steele investigated Moscow‚Äôs meddling in another vote ‚Äî‚Ä¶",35,NYTimes
-0.802,Fri Jun 08 07:02:05 +0000 2018,0.31,0.69,0.0,"In 40 seconds, Rakhmat Akilov killed 5 people and injured almost a dozen others before crashing into a department s‚Ä¶ https://t.co/8c8nVJou35",36,NYTimes
0.2732,Fri Jun 08 06:32:06 +0000 2018,0.0,0.913,0.087,"RT @NYTHealth: An inexpensive blood test can predict a pregnant woman‚Äôs due date as well as ultrasound, scientists find. It might even be a‚Ä¶",37,NYTimes
0.4019,Fri Jun 08 06:06:41 +0000 2018,0.106,0.698,0.196,"""It could be the first time that all art enemies and art lovers can agree about one thing,"" said one of the artists‚Ä¶ https://t.co/gHHAqGqh94",38,NYTimes
0.0,Fri Jun 08 05:49:06 +0000 2018,0.0,1.0,0.0,"Almost all mammals experience REM sleep, but even today researchers debate why it exists. These seals may provide a‚Ä¶ https://t.co/PBCz7xcIGq",39,NYTimes
0.0,Fri Jun 08 05:32:04 +0000 2018,0.0,1.0,0.0,"RT @ConorDougherty: While the rest of the economy has been supercharged by computers, machines and robots, construction is about as efficie‚Ä¶",40,NYTimes
0.0762,Fri Jun 08 05:05:02 +0000 2018,0.0,0.939,0.061,Couples do not pay for their wedding announcements to appear in The Times. Busy weeks have sometimes yielded up to‚Ä¶ https://t.co/5k6h7TxbKB,41,NYTimes
-0.8316,Fri Jun 08 04:47:01 +0000 2018,0.352,0.552,0.096,RT @NYTObits: There are no heroes in David Douglas Duncan‚Äôs images of war. The combat photographer has died at 102. His NYT obit: https://t‚Ä¶,42,NYTimes
0.0,Fri Jun 08 04:21:01 +0000 2018,0.0,1.0,0.0,RT @dannyhakim: Their name is Uihlein. Their company is Uline. A look at the biggest GOP mega donors most people haven't heard about. w/ @s‚Ä¶,43,NYTimes
-0.7506,Fri Jun 08 04:07:28 +0000 2018,0.348,0.652,0.0,Uzbek Asylum Seeker Gets Life in Prison for Deadly Truck Attack in Sweden https://t.co/wqzjzGjt4k,44,NYTimes
-0.25,Fri Jun 08 04:02:04 +0000 2018,0.105,0.895,0.0,Robert Mueller‚Äôs accusation this week that Paul Manafort tried to tamper with potential witnesses originated with 2‚Ä¶ https://t.co/F0Cm6XVskH,45,NYTimes
0.34,Fri Jun 08 03:46:05 +0000 2018,0.0,0.862,0.138,"Review: ""Hereditary,"" Ari Aster‚Äôs debut feature, is engaging, unsettling and unpredictable. @AOScott named it a Cri‚Ä¶ https://t.co/VaWM1AzJkP",46,NYTimes
0.0,Fri Jun 08 03:32:03 +0000 2018,0.0,1.0,0.0,Facebook bug changed privacy settings of up to 14 million users https://t.co/sNP1kLgFpG,47,NYTimes
0.5859,Fri Jun 08 03:14:39 +0000 2018,0.0,0.678,0.322,The Washington Capitals Win Their First Stanley Cup https://t.co/JGpV8lhN2y,48,NYTimes
0.5719,Fri Jun 08 03:11:07 +0000 2018,0.0,0.619,0.381,"RT @NYTSports: Time to celebrate, DC. https://t.co/5doMjhWway",49,NYTimes
0.0,Fri Jun 08 03:07:26 +0000 2018,0.0,1.0,0.0,"Ontario‚Äôs Conservatives, Led by Brash Populist, Oust Liberals https://t.co/VNgKOQD9gM",50,NYTimes
-0.4404,Fri Jun 08 03:06:06 +0000 2018,0.127,0.873,0.0,"When Jos√©, 5,  landed in Michigan, all he carried was a trash bag stuffed with dirty clothes from his dayslong trek‚Ä¶ https://t.co/u6XDBQEyq2",51,NYTimes
-0.4767,Fri Jun 08 02:54:04 +0000 2018,0.14,0.86,0.0,A former Senate aide was arrested as part of a leaks investigation that also involved the seizure of a New York Tim‚Ä¶ https://t.co/xG3vIJCsRQ,52,NYTimes
0.0,Fri Jun 08 02:47:05 +0000 2018,0.0,1.0,0.0,"How Guatemala‚Äôs Fuego volcano released a flow of hot gas and volcanic rock, consuming villages and a golf resort in‚Ä¶ https://t.co/CSZw7E79vp",53,NYTimes
0.1531,Fri Jun 08 02:32:01 +0000 2018,0.231,0.375,0.394,"Weight training may help to ease or prevent depression
https://t.co/N2lhpIy2v5",54,NYTimes
-0.701,Fri Jun 08 02:17:05 +0000 2018,0.309,0.691,0.0,A Texas man who decapitated a rattlesnake almost died after getting bit by the severed head https://t.co/rCWWU5asCp,55,NYTimes
0.0,Fri Jun 08 02:02:04 +0000 2018,0.0,1.0,0.0,RT @kenvogel: JUST POSTED: MANAFORT secretly steered $2.4M to a company run by two journalists tasked with getting European pols to vouch f‚Ä¶,56,NYTimes
0.25,Fri Jun 08 01:47:07 +0000 2018,0.094,0.769,0.137,"The Trump administration told a federal court that it would no longer defend key parts of the Affordable Care Act,‚Ä¶ https://t.co/Y6SFyjI5Zo",57,NYTimes
0.516,Fri Jun 08 01:31:06 +0000 2018,0.108,0.633,0.259,RT @adamgoldmanNYT: SCOOP: Justice Dept. Seizes Times Reporter‚Äôs Email and Phone Records in Leak Investigation https://t.co/LZedWVrjvq with‚Ä¶,58,NYTimes
0.5267,Fri Jun 08 01:22:15 +0000 2018,0.0,0.841,0.159,"The Justice Department seized a Times reporter‚Äôs phone and email records, its first known use of such an aggressive‚Ä¶ https://t.co/ELMB7M6GYv",59,NYTimes
-0.5106,Fri Jun 08 01:17:05 +0000 2018,0.125,0.875,0.0,RT @shearm: Rarely ‚Äî if ever ‚Äî has there been the kind of visceral and unanimous outrage at an American president. My story about what @rea‚Ä¶,60,NYTimes
0.0,Fri Jun 08 01:02:04 +0000 2018,0.0,1.0,0.0,Evening Briefing: Here's what you need to know at the end of the day https://t.co/TbrRYwYVdY,61,NYTimes
0.0,Fri Jun 08 00:47:04 +0000 2018,0.0,1.0,0.0,"Here‚Äôs the full list of the 12 investigations Scott Pruitt faces at the EPA, from his $50-a-night condo to his $3.5‚Ä¶ https://t.co/KRamG4hKdf",62,NYTimes
0.0,Fri Jun 08 00:32:04 +0000 2018,0.0,1.0,0.0,"Mary Ann Shadd Cary was the first black woman in North America to edit and publish a newspaper, one of the first bl‚Ä¶ https://t.co/cdGwgdfUxB",63,NYTimes
-0.5473,Fri Jun 08 00:17:04 +0000 2018,0.138,0.862,0.0,"RT @mirjordan: THE AGONY OF SEPARATION: When he landed in Michigan, all the little Honduran boy carried was a trash bag stuffed with dirty‚Ä¶",64,NYTimes
0.3612,Fri Jun 08 00:02:06 +0000 2018,0.062,0.806,0.133,"After heavy lobbying by the chemical industry, the EPA has significantly narrowed how it will conduct safety checks‚Ä¶ https://t.co/S2HwPz0uGU",65,NYTimes
0.0,Thu Jun 07 23:47:05 +0000 2018,0.0,1.0,0.0,"Police officers in Baltimore used brass knuckles and baseball bats and went after drug dealers, because they kept c‚Ä¶ https://t.co/ZBXCmqfnGD",66,NYTimes
-0.5267,Thu Jun 07 23:32:02 +0000 2018,0.18,0.82,0.0,A lost John Coltrane recording from 1963 will be released for the first time in June. His classic quartet cut the a‚Ä¶ https://t.co/Afc7i4LsT8,67,NYTimes
-0.5267,Thu Jun 07 23:17:09 +0000 2018,0.139,0.861,0.0,"RT @patrickhealynyt: ‚ÄúI need an answer now. I am done waiting.‚Äù That‚Äôs Liz Uihlein, a new GOP force, threatening to nix a $300k donation to‚Ä¶",68,NYTimes
0.4767,Thu Jun 07 23:02:04 +0000 2018,0.0,0.846,0.154,Scientists for the first time have confidently identified on Mars a collection of carbon molecules used and produce‚Ä¶ https://t.co/jh83XF3DK4,69,NYTimes
0.0,Thu Jun 07 22:47:03 +0000 2018,0.0,1.0,0.0,Evening Briefing: Here's what you need to know at the end of the day https://t.co/tInzMv14EX,70,NYTimes
0.0,Thu Jun 07 22:32:06 +0000 2018,0.074,0.851,0.074,Half-price MetroCards for low-income New Yorkers: City leaders reached a tentative deal to pay for them after month‚Ä¶ https://t.co/Et23OuJ7uM,71,NYTimes
0.0,Thu Jun 07 22:17:02 +0000 2018,0.0,1.0,0.0,RT @EricLiptonNYT: Been writing a lot re Pruitt's management of EPA/ethics questions. But real story: substantive changes in environmental‚Ä¶,72,NYTimes
0.0,Thu Jun 07 22:06:07 +0000 2018,0.0,1.0,0.0,We found a trove of secret documents after Mosul fell. It led us to the mother of an ISIS official. https://t.co/lunGGHl5cE,73,NYTimes
0.0,Thu Jun 07 21:56:02 +0000 2018,0.0,1.0,0.0,"A 4-ingredient, 5-star roast chicken recipe https://t.co/1OsIZ8w5JG",74,NYTimes
0.0,Thu Jun 07 21:46:02 +0000 2018,0.0,1.0,0.0,"This weekend, get thee to Shakespeare in the Park ‚Äî or a Shakespeare performance fueled by shots‚Ä¶ https://t.co/2pk8E92BKH",75,NYTimes
-0.4019,Thu Jun 07 21:30:16 +0000 2018,0.137,0.863,0.0,The Twitter habits of a sports executive‚Äôs wife have caused him to lose his job in inglorious fashion https://t.co/nf99jqWkj1,76,NYTimes
0.0,Thu Jun 07 21:15:07 +0000 2018,0.0,1.0,0.0,‚ÄúWe should do more and talk less.‚Äù That was the message that 25-year-old Mary Ann Shadd Cary wrote in a 1848 letter‚Ä¶ https://t.co/C4U508acy8,77,NYTimes
-0.4019,Thu Jun 07 21:01:05 +0000 2018,0.13,0.87,0.0,RT @TheSteinLine: .@StephenCurry30 insists on sitting next to him while injured and @ShaunLivingston calls him the Warriors‚Äô ‚Äúlittle brothe‚Ä¶,78,NYTimes
-0.4019,Thu Jun 07 20:45:04 +0000 2018,0.114,0.886,0.0,"Is Glen Buchenbach a rare Scotch? Nope. It's made in Germany, and a dispute over the name wound up in front of Euro‚Ä¶ https://t.co/Ih3GLcSGtu",79,NYTimes
0.7717,Thu Jun 07 20:32:24 +0000 2018,0.0,0.774,0.226,RT @tannercurtis: The New York issue of @NYTmag is one of my favorites every year. Check out all of these beautiful stories and photos.   h‚Ä¶,80,NYTimes
0.1189,Thu Jun 07 20:30:05 +0000 2018,0.169,0.563,0.268,"More and more, politicians in competitive races are using emotional pleas about opioid abuse to woo voters https://t.co/n3rrYdJMY7",81,NYTimes
0.0,Thu Jun 07 20:15:06 +0000 2018,0.0,1.0,0.0,"The New Jersey Legislature voted to legalize sports betting, paving the way for casinos and racetracks to take wage‚Ä¶ https://t.co/tCk0BA1zKk",82,NYTimes
0.7783,Thu Jun 07 20:07:02 +0000 2018,0.0,0.764,0.236,RT @MichaelPaulson: Who will win the big prizes at @TheTonyAwards on Sunday? We talked to more than 100 voters. Here are our predictions: h‚Ä¶,83,NYTimes
0.0762,Thu Jun 07 20:00:21 +0000 2018,0.0,0.939,0.061,Couples do not pay for their wedding announcements to appear in The Times. Busy weeks have sometimes yielded up to‚Ä¶ https://t.co/icHeFKJJX7,84,NYTimes
-0.2263,Thu Jun 07 19:53:08 +0000 2018,0.112,0.888,0.0,RT @kchangnyt: Life not discovered on Mars. But the building blocks of life have been. https://t.co/mBl876Aj1k,85,NYTimes
0.0,Thu Jun 07 19:45:07 +0000 2018,0.0,1.0,0.0,"Almost all mammals experience REM sleep, but even today researchers debate why it exists. These seals may provide a‚Ä¶ https://t.co/UqLbNybE2U",86,NYTimes
-0.2716,Thu Jun 07 19:30:11 +0000 2018,0.162,0.838,0.0,Delta is the latest carrier to warn that flights may become more costly as fuel prices rise https://t.co/5t03tmFVVd,87,NYTimes
0.2732,Thu Jun 07 19:30:06 +0000 2018,0.09,0.769,0.14,"Google, reeling from an employee protest over the use of artificial intelligence for military purposes, said it wou‚Ä¶ https://t.co/8wKDgKuQjH",88,NYTimes
0.0,Thu Jun 07 19:15:05 +0000 2018,0.0,1.0,0.0,Democrats appear set to test whether conventionally liberal candidates ‚Äî not left-wing activists ‚Äî can make deep in‚Ä¶ https://t.co/7i11sPcdbt,89,NYTimes
-0.128,Thu Jun 07 19:03:01 +0000 2018,0.067,0.933,0.0,RT @nytimesbusiness: Look to Iowa's vast acres of soybeans to understand why President Trump might soften his tough trade talk with China.‚Ä¶,90,NYTimes
-0.7181,Thu Jun 07 19:00:07 +0000 2018,0.24,0.76,0.0,"""E-scooters might look and feel kind of dorky, but they aren‚Äôt an urban menace or a harbinger of the apocalypse. In‚Ä¶ https://t.co/it8U84rWRe",91,NYTimes
0.0624,Thu Jun 07 18:45:04 +0000 2018,0.109,0.771,0.12,"The judge could not help himself. He used terms like ‚Äúbananafest‚Äù and ‚Äúbananapalooza‚Äù at a hearing, after wondering‚Ä¶ https://t.co/tYKJ0QI9Gt",92,NYTimes
-0.5267,Thu Jun 07 18:40:01 +0000 2018,0.159,0.841,0.0,An internal White House analysis of President Trump‚Äôs trade agenda has concluded that his tariffs will hurt economi‚Ä¶ https://t.co/HaR035DEev,93,NYTimes
-0.9081,Thu Jun 07 18:30:04 +0000 2018,0.388,0.612,0.0,"While evil clowns and serial killers at sorority houses still haunt young viewers (and make tons of money), we‚Äôre i‚Ä¶ https://t.co/5uQfjFaO4b",94,NYTimes
-0.5267,Thu Jun 07 18:22:35 +0000 2018,0.167,0.833,0.0,RT @nytimesarts: A lost John Coltrane recording from 1963 will be released for the first time in June. His classic quartet cut the album tw‚Ä¶,95,NYTimes
-0.5106,Thu Jun 07 18:15:02 +0000 2018,0.125,0.875,0.0,"Liz and Dick Uihlein are spending big to sway the opinions of voters, taking up the mantle of Steve Bannon in an ef‚Ä¶ https://t.co/r4fV1sL3h4",96,NYTimes
-0.3818,Thu Jun 07 18:00:14 +0000 2018,0.126,0.874,0.0,Kate Spade came from the sort of modest beginnings to which the fashion world can seem overtly hostile https://t.co/2eyiuHsQ8W,97,NYTimes
0.0,Thu Jun 07 17:58:05 +0000 2018,0.0,1.0,0.0,"G-7 meetings are usually moments of camaraderie. But with President Trump the black sheep of a global family, the l‚Ä¶ https://t.co/rRBrP0xruZ",98,NYTimes
-0.4404,Thu Jun 07 17:45:11 +0000 2018,0.127,0.873,0.0,"When Jos√©, 5,  landed in Michigan, all he carried was a trash bag stuffed with dirty clothes from his dayslong trek‚Ä¶ https://t.co/LoPakwnHFM",99,NYTimes
